id,district_name,state,lat,lon,raw_precip_mm,corrected_precip_mm,heavy_rain_prob_65mm,heavy_rain_prob_115mm,category,temperature,humidity,wind_speed
andaman_islands_andaman_and_nicobar,Andaman Islands,Andaman and Nicobar,10.8976411819458,92.51583099365251,2.6,4.303999999999999,0.0,0.0,Light Rain,29.8,80,21.9
nicobar_islands_andaman_and_nicobar,Nicobar Islands,Andaman and Nicobar,6.85264015197771,93.78772735595709,8.0,9.810000000000011,0.0,0.0,Light Rain,29.3,83,25.2
adilabad_andhra_pradesh,Adilabad,Andhra Pradesh,19.759000778198242,78.84433746337908,0.0,0.35900000000000004,0.0,0.0,Light Rain,31.3,76,14.1
anantapur_andhra_pradesh,Anantapur,Andhra Pradesh,14.938031196594295,78.1367797851563,0.1,1.0819999999999999,0.0,0.0,Light Rain,34.2,59,18.1
chittoor_andhra_pradesh,Chittoor,Andhra Pradesh,13.8777112960816,79.43324279785168,0.0,0.007000000000000001,0.0,0.0,Light Rain,32.3,51,16.7
cuddapah_andhra_pradesh,Cuddapah,Andhra Pradesh,15.045949935913086,79.06729125976562,0.0,0.117,0.0,0.0,Light Rain,33.9,64,11.9
east_godavari_andhra_pradesh,East Godavari,Andhra Pradesh,16.716529846191634,82.30790710449236,2.1,9.897000000000011,0.0,0.0,Light Rain,33.7,77,13.9
guntur_andhra_pradesh,Guntur,Andhra Pradesh,15.837639808655013,80.7829132080081,0.0,1.9970000000000008,0.0,0.0,Light Rain,34.2,70,15.1
hyderabad_andhra_pradesh,Hyderabad,Andhra Pradesh,17.448480606079215,78.51004028320318,0.0,0.003,0.0,0.0,Light Rain,31.9,65,10.8
karimnagar_andhra_pradesh,Karimnagar,Andhra Pradesh,18.830839157104606,79.89401245117193,0.0,0.5319999999999999,0.0,0.0,Light Rain,32.4,79,12.6
khammam_andhra_pradesh,Khammam,Andhra Pradesh,17.806592941284293,81.3849716186524,0.0,1.415,0.0,0.0,Light Rain,33.1,79,10.8
krishna_andhra_pradesh,Krishna,Andhra Pradesh,15.765693664551009,81.0279159545899,0.0,1.3130000000000002,0.0,0.0,Light Rain,34.3,71,15.2
kurnool_andhra_pradesh,Kurnool,Andhra Pradesh,16.10884094238304,78.91335296630854,0.1,8.290000000000006,0.0,0.0,Light Rain,31.5,73,10.7
mahbubnagar_andhra_pradesh,Mahbubnagar,Andhra Pradesh,16.927761077881087,78.69513702392607,0.1,2.1289999999999982,0.0,0.0,Light Rain,32.4,62,16.0
medak_andhra_pradesh,Medak,Andhra Pradesh,18.22673988342285,78.56310272216808,0.0,0.034,0.0,0.0,Light Rain,31.0,72,13.5
nalgonda_andhra_pradesh,Nalgonda,Andhra Pradesh,17.313539505004883,79.78511047363287,0.0,2.0910000000000006,0.0,0.0,Light Rain,33.0,70,14.9
nellore_andhra_pradesh,Nellore,Andhra Pradesh,13.459583282470703,80.27458190917997,0.0,0.8170000000000003,0.0,0.0,Light Rain,36.0,68,16.3
nizamabad_andhra_pradesh,Nizamabad,Andhra Pradesh,18.94160079956066,78.52864837646484,0.0,7.015000000000003,0.0,0.0,Light Rain,31.5,76,14.3
prakasam_andhra_pradesh,Prakasam,Andhra Pradesh,15.803193092346305,80.42830657958996,0.0,0.6679999999999999,0.0,0.0,Light Rain,34.7,69,16.9
rangareddi_andhra_pradesh,Rangareddi,Andhra Pradesh,17.662620544433707,78.71399688720732,0.0,0.273,0.0,0.0,Light Rain,30.5,68,16.2
srikakulam_andhra_pradesh,Srikakulam,Andhra Pradesh,19.149749755859432,84.68141174316423,1.9,9.13400000000001,0.0,0.0,Light Rain,32.6,84,9.0
vishakhapatnam_andhra_pradesh,Vishakhapatnam,Andhra Pradesh,18.393159866333065,83.06582641601591,0.1,0.26100000000000007,0.0,0.0,Light Rain,29.0,75,11.6
vizianagaram_andhra_pradesh,Vizianagaram,Andhra Pradesh,18.90159034729004,83.77050018310553,0.0,0.39199999999999996,0.0,0.0,Light Rain,29.4,81,8.5
warangal_andhra_pradesh,Warangal,Andhra Pradesh,18.593599319458235,80.38156127929693,0.0,8.111000000000004,0.0,0.0,Light Rain,31.5,79,11.5
west_godavari_andhra_pradesh,West Godavari,Andhra Pradesh,16.31986236572277,81.7105560302735,0.0,1.0739999999999998,0.0,0.0,Light Rain,33.3,76,13.9
changlang_arunachal_pradesh,Changlang,Arunachal Pradesh,27.624269485473633,96.9005813598634,3.1,1.0660000000000007,0.0,0.0,Light Rain,13.0,89,7.2
east_kameng_arunachal_pradesh,East Kameng,Arunachal Pradesh,27.595371246337947,93.27101898193365,6.2,5.522000000000002,0.0,0.0,Light Rain,13.8,90,6.3
east_siang_arunachal_pradesh,East Siang,Arunachal Pradesh,28.537389755249023,94.75853729248053,7.3,3.6850000000000005,0.0,0.0,Light Rain,15.9,86,6.7
kurung_kumey_arunachal_pradesh,Kurung Kumey,Arunachal Pradesh,28.335510253906307,93.21988677978521,0.3,0.27,0.0,0.0,Light Rain,7.7,81,7.5
lohit_arunachal_pradesh,Lohit,Arunachal Pradesh,27.624269485473633,96.9005813598634,3.1,1.0660000000000007,0.0,0.0,Light Rain,13.0,89,7.2
lower_dibang_valley_arunachal_pradesh,Lower Dibang Valley,Arunachal Pradesh,28.563531875610465,96.36797332763678,1.6,1.081999999999999,0.0,0.0,Light Rain,15.2,87,11.6
lower_subansiri_arunachal_pradesh,Lower Subansiri,Arunachal Pradesh,27.776630401611442,94.31777191162115,0.3,4.040000000000003,0.0,0.0,Light Rain,31.4,84,8.1
papum_pare_arunachal_pradesh,Papum Pare,Arunachal Pradesh,27.641866683959904,93.39173126220709,13.7,35.432999999999986,54.51230769230767,0.0,Moderate Rain,16.8,98,4.0
tawang_arunachal_pradesh,Tawang,Arunachal Pradesh,27.778240203857422,92.31595611572266,0.0,0.56,0.0,0.0,Light Rain,7.9,67,15.5
tirap_arunachal_pradesh,Tirap,Arunachal Pradesh,27.236909866333065,95.63700103759766,2.8,10.943999999999996,0.0,0.0,Light Rain,30.4,87,8.7
upper_dibang_valley_arunachal_pradesh,Upper Dibang Valley,Arunachal Pradesh,28.563531875610465,96.36797332763678,1.6,1.081999999999999,0.0,0.0,Light Rain,15.2,87,11.6
upper_siang_arunachal_pradesh,Upper Siang,Arunachal Pradesh,29.058612823486328,95.27237701416021,10.1,21.056000000000008,32.39384615384617,0.0,Moderate Rain,10.5,95,5.2
upper_subansiri_arunachal_pradesh,Upper Subansiri,Arunachal Pradesh,28.713060379028377,93.96028900146484,4.9,1.3729999999999989,0.0,0.0,Light Rain,14.3,88,10.7
west_kameng_arunachal_pradesh,West Kameng,Arunachal Pradesh,27.977930068969783,92.73316192626959,0.1,3.612,0.0,0.0,Light Rain,0.0,70,6.8
west_siang_arunachal_pradesh,West Siang,Arunachal Pradesh,29.007001876831055,94.17192840576183,6.9,13.560000000000002,0.0,0.0,Light Rain,11.7,93,12.6
barpeta_assam,Barpeta,Assam,26.785158157348746,91.29505157470714,2.0,4.81,0.0,0.0,Light Rain,29.6,81,11.0
bongaigaon_assam,Bongaigaon,Assam,26.783840179443473,90.95475769042974,1.1,3.2349999999999994,0.0,0.0,Light Rain,31.7,79,15.1
cachar_assam,Cachar,Assam,25.031820297241325,92.42590332031261,1.6,8.136000000000003,0.0,0.0,Light Rain,31.8,81,8.8
darrang_assam,Darrang,Assam,26.932699203491325,92.36443328857428,2.8,6.201999999999999,0.0,0.0,Light Rain,30.8,81,12.4
dhemaji_assam,Dhemaji,Assam,27.79401016235363,95.46164703369152,7.9,5.653000000000002,0.0,0.0,Light Rain,31.8,82,8.0
dhuburi_assam,Dhuburi,Assam,25.53729820251459,89.87145233154291,1.1,7.449000000000005,0.0,0.0,Light Rain,32.1,84,9.2
dibrugarh_assam,Dibrugarh,Assam,27.687219619750977,95.27604675292974,4.5,5.000000000000003,0.0,0.0,Light Rain,31.7,82,11.3
goalpara_assam,Goalpara,Assam,26.22798728942871,90.6580810546875,0.3,1.9119999999999993,0.0,0.0,Light Rain,32.4,80,15.6
golaghat_assam,Golaghat,Assam,26.929531097412166,93.96253204345703,1.2,7.127000000000005,0.0,0.0,Light Rain,31.8,80,12.2
hailakandi_assam,Hailakandi,Assam,24.520849227905387,92.7651977539063,1.4,7.307000000000001,0.0,0.0,Light Rain,32.2,87,9.1
jorhat_assam,Jorhat,Assam,27.1495304107666,94.59456634521496,6.4,8.272000000000002,0.0,0.0,Light Rain,31.2,84,11.5
kamrup_assam,Kamrup,Assam,26.25503921508789,91.95339202880865,0.9,4.593000000000001,0.0,0.0,Light Rain,32.1,81,13.3
karbi_anglong_assam,Karbi Anglong,Assam,26.141990661621094,92.52819824218744,3.5,10.533999999999999,0.0,0.0,Light Rain,32.6,86,12.7
karimganj_assam,Karimganj,Assam,24.864311218261776,92.58896636962896,2.2,7.950000000000004,0.0,0.0,Light Rain,33.0,83,11.2
kokrajhar_assam,Kokrajhar,Assam,26.795093536377067,90.614990234375,1.7,3.218,0.0,0.0,Light Rain,29.4,78,10.2
lakhimpur_assam,Lakhimpur,Assam,27.52349090576172,94.25972747802734,2.4,9.772,0.0,0.0,Light Rain,31.1,80,4.7
marigaon_assam,Marigaon,Assam,26.51700401306158,92.41378784179688,7.1,5.016,0.0,0.0,Light Rain,32.5,82,15.1
nagaon_assam,Nagaon,Assam,26.58109092712408,93.30287933349615,1.5,7.838000000000003,0.0,0.0,Light Rain,32.1,82,11.5
nalbari_assam,Nalbari,Assam,26.811859130859375,91.70420074462902,0.6,2.9409999999999985,0.0,0.0,Light Rain,31.1,79,12.5
north_cachar_hills_assam,North Cachar Hills,Assam,25.716028213501033,93.14462280273449,10.9,19.111000000000004,0.0,0.0,Moderate Rain,31.2,88,9.4
sibsagar_assam,Sibsagar,Assam,27.111400604248047,95.37126922607433,4.1,6.493000000000003,0.0,0.0,Light Rain,31.1,85,7.0
sonitpur_assam,Sonitpur,Assam,26.994791030883732,93.69828033447271,0.5,1.8270000000000002,0.0,0.0,Light Rain,32.0,80,9.7
tinsukia_assam,Tinsukia,Assam,27.937179565429688,95.95234680175787,5.3,4.775000000000003,0.0,0.0,Light Rain,31.2,86,14.8
araria_bihar,Araria,Bihar,26.3933486938476,87.6458358764649,2.1,17.065,0.0,0.0,Moderate Rain,32.0,85,7.8
aurangabad_bihar,Aurangabad,Bihar,25.05792045593273,84.73145294189459,0.0,1.4230000000000007,0.0,0.0,Light Rain,30.9,81,8.9
banka_bihar,Banka,Bihar,25.058002471923885,87.17384338378918,4.5,23.829000000000004,36.660000000000004,0.0,Moderate Rain,30.1,91,10.2
begusarai_bihar,Begusarai,Bihar,25.640039443969727,86.2857513427735,11.1,14.626999999999988,0.0,0.0,Light Rain,30.3,87,13.0
bhabua_bihar,Bhabua,Bihar,25.387910842895508,83.76193237304693,0.7,1.7499999999999998,0.0,0.0,Light Rain,30.4,85,13.6
bhagalpur_bihar,Bhagalpur,Bihar,25.45502090454113,87.0788192749024,2.8,12.955000000000002,0.0,0.0,Light Rain,30.8,88,10.4
bhojpur_bihar,Bhojpur,Bihar,25.69679069519043,84.84561157226562,1.9,6.655,0.0,0.0,Light Rain,31.4,76,10.6
buxar_bihar,Buxar,Bihar,25.561729431152457,83.9209823608399,0.8,3.715000000000001,0.0,0.0,Light Rain,30.7,85,10.7
darbhanga_bihar,Darbhanga,Bihar,26.446819305420036,85.70951080322271,36.8,36.596999999999994,56.30307692307691,0.0,Moderate Rain,28.4,92,14.4
gaya_bihar,Gaya,Bihar,25.053670883178768,85.19728088378918,0.4,2.863999999999999,0.0,0.0,Light Rain,30.9,81,9.8
gopalganj_bihar,Gopalganj,Bihar,26.638059616088867,84.40737152099615,8.9,9.804999999999998,0.0,0.0,Light Rain,30.0,83,19.1
jamui_bihar,Jamui,Bihar,25.002330780029354,85.88066864013683,13.3,8.549999999999999,0.0,0.0,Light Rain,31.2,81,12.0
jehanabad_bihar,Jehanabad,Bihar,25.289709091186467,84.92073059082026,2.1,9.319000000000006,0.0,0.0,Light Rain,30.9,80,8.1
katihar_bihar,Katihar,Bihar,25.694692611694336,88.04332733154303,0.8,9.868999999999996,0.0,0.0,Light Rain,31.7,86,9.5
khagaria_bihar,Khagaria,Bihar,25.72855949401867,86.40994262695324,10.3,9.797000000000002,0.0,0.0,Light Rain,30.3,87,12.6
kishanganj_bihar,Kishanganj,Bihar,26.536014556884993,88.10621643066423,1.3,7.719000000000005,0.0,0.0,Light Rain,31.7,84,10.2
lakhisarai_bihar,Lakhisarai,Bihar,25.334310531616325,86.05734252929688,17.8,10.572000000000005,0.0,0.0,Light Rain,31.4,84,9.4
madhepura_bihar,Madhepura,Bihar,26.055429458618107,87.08603668212896,2.1,23.15400000000001,35.62153846153848,0.0,Moderate Rain,30.8,91,10.3
madhubani_bihar,Madhubani,Bihar,26.435823283907155,86.71256457179987,2.4,12.702999999999998,0.0,0.0,Light Rain,30.9,89,13.5
munger_bihar,Munger,Bihar,25.428529739379883,86.50255584716797,6.0,3.0559999999999996,0.0,0.0,Light Rain,31.1,85,12.4
muzaffarpur_bihar,Muzaffarpur,Bihar,26.373880386352596,85.5711975097658,62.8,26.958,41.473846153846154,0.0,Moderate Rain,29.0,90,13.4
nalanda_bihar,Nalanda,Bihar,25.293872833251896,85.89830780029314,4.1,5.7200000000000015,0.0,0.0,Light Rain,31.9,81,10.9
nawada_bihar,Nawada,Bihar,25.099300384521598,85.63369750976557,5.2,4.786999999999999,0.0,0.0,Light Rain,30.8,81,15.0
pashchim_champaran_bihar,Pashchim Champaran,Bihar,27.004697799682845,84.75446319580095,83.7,43.92299999999998,67.57384615384613,0.0,Moderate Rain,28.7,91,22.3
patna_bihar,Patna,Bihar,25.73280906677246,84.99907684326183,4.7,6.6789999999999985,0.0,0.0,Light Rain,31.0,81,12.5
purba_champaran_bihar,Purba Champaran,Bihar,26.756006240844897,85.25985717773432,60.6,30.59599999999999,47.070769230769216,0.0,Moderate Rain,28.9,90,19.8
purnia_bihar,Purnia,Bihar,26.112182617187614,87.68524932861322,2.5,12.784999999999993,0.0,0.0,Light Rain,31.6,87,9.2
rohtas_bihar,Rohtas,Bihar,25.360998153686637,84.26734924316412,0.3,1.945999999999999,0.0,0.0,Light Rain,30.3,83,8.8
saharsa_bihar,Saharsa,Bihar,26.07608985900879,86.42131805419928,9.3,13.762999999999993,0.0,0.0,Light Rain,30.3,91,15.8
samastipur_bihar,Samastipur,Bihar,26.091341018676758,85.70709991455107,72.1,37.06599999999998,57.02461538461535,0.0,Moderate Rain,29.0,89,15.1
saran_bihar,Saran,Bihar,26.21652984619152,84.8900985717774,11.4,10.098999999999998,0.0,0.0,Light Rain,30.1,84,18.4
sheikhpura_bihar,Sheikhpura,Bihar,25.244108200073356,85.91838836669928,4.1,5.7200000000000015,0.0,0.0,Light Rain,31.9,81,10.9
sheohar_bihar,Sheohar,Bihar,26.35593032836914,85.27568817138666,19.0,12.799999999999997,0.0,0.0,Light Rain,30.0,86,22.1
sitamarhi_bihar,Sitamarhi,Bihar,26.603818893432674,85.81832122802763,23.4,25.669,39.49076923076923,0.0,Moderate Rain,28.7,91,16.8
siwan_bihar,Siwan,Bihar,26.21270942687994,84.75470733642584,9.3,4.432999999999998,0.0,0.0,Light Rain,30.2,82,14.7
supaul_bihar,Supaul,Bihar,26.46598052978544,87.0526962280274,2.9,15.824000000000002,0.0,0.0,Moderate Rain,31.5,88,12.7
vaishali_bihar,Vaishali,Bihar,25.97289085388195,85.06133270263672,5.7,7.082000000000004,0.0,0.0,Light Rain,30.4,84,17.5
chandigarh_chandigarh,Chandigarh,Chandigarh,30.68582916259777,76.81980895996105,0.0,0.051,0.0,0.0,Light Rain,28.9,77,17.0
bastar_chhattisgarh,Bastar,Chhattisgarh,20.165290832519474,81.80937194824224,0.0,0.44300000000000006,0.0,0.0,Light Rain,29.1,79,13.2
bilaspur_chhattisgarh,Bilaspur,Chhattisgarh,22.235370635986385,83.0150680541995,1.2,4.236000000000003,0.0,0.0,Light Rain,30.2,86,9.0
dantewada_chhattisgarh,Dantewada,Chhattisgarh,19.34803962707514,80.82641601562494,0.0,0.29100000000000004,0.0,0.0,Light Rain,29.2,81,13.7
dhamtari_chhattisgarh,Dhamtari,Chhattisgarh,21.023651123046875,81.60662078857428,9.3,7.446000000000002,0.0,0.0,Light Rain,30.1,84,13.8
durg_chhattisgarh,Durg,Chhattisgarh,21.813869476318473,81.93541717529297,11.8,12.331,0.0,0.0,Light Rain,30.3,87,21.5
janjgir-champa_chhattisgarh,Janjgir-Champa,Chhattisgarh,22.120410919189396,82.93358612060553,2.3,8.747000000000003,0.0,0.0,Light Rain,27.5,86,11.7
jashpur_chhattisgarh,Jashpur,Chhattisgarh,23.167840957641715,84.03380584716825,1.5,1.6259999999999997,0.0,0.0,Light Rain,27.6,84,12.2
kanker_chhattisgarh,Kanker,Chhattisgarh,20.549549102783203,81.40467834472668,0.2,2.903999999999998,0.0,0.0,Light Rain,30.3,79,15.0
kawardha_chhattisgarh,Kawardha,Chhattisgarh,22.514369964599666,81.36650085449224,1.4,1.7430000000000003,0.0,0.0,Light Rain,27.4,87,16.8
korba_chhattisgarh,Korba,Chhattisgarh,22.96502113342291,82.56844329834001,1.4,1.8910000000000002,0.0,0.0,Light Rain,30.1,85,12.6
koriya_chhattisgarh,Koriya,Chhattisgarh,23.785707473754883,82.49175262451189,3.1,3.596000000000001,0.0,0.0,Light Rain,28.1,84,16.4
mahasamund_chhattisgarh,Mahasamund,Chhattisgarh,21.49173927307129,82.92727661132818,0.8,5.632999999999998,0.0,0.0,Light Rain,29.9,84,10.0
raigarh_chhattisgarh,Raigarh,Chhattisgarh,22.638839721679915,83.40698242187506,0.4,0.8389999999999997,0.0,0.0,Light Rain,28.3,87,11.7
raipur_chhattisgarh,Raipur,Chhattisgarh,21.73752021789562,82.43354034423857,6.9,5.546000000000003,0.0,0.0,Light Rain,29.9,84,17.5
raj_nandgaon_chhattisgarh,Raj Nandgaon,Chhattisgarh,21.702592849731502,81.16928100585943,0.6,2.862999999999999,0.0,0.0,Light Rain,31.3,80,14.2
surguja_chhattisgarh,Surguja,Chhattisgarh,24.09964942932129,83.3275985717774,0.4,0.7440000000000004,0.0,0.0,Light Rain,31.4,77,12.5
dadra_and_nagar_haveli_dadra_and_nagar_haveli,Dadra and Nagar Haveli,Dadra and Nagar Haveli,20.292089462280217,72.99046325683588,0.2,2.233999999999998,0.0,0.0,Light Rain,30.5,81,14.4
daman_daman_and_diu,Daman,Daman and Diu,20.371080398559627,72.821533203125,0.3,0.904,0.0,0.0,Light Rain,29.8,76,16.6
junagadh_daman_and_diu,Junagadh,Daman and Diu,20.709032058716048,70.88853454589872,0.0,0.22500000000000006,0.0,0.0,Light Rain,29.8,77,18.5
delhi_delhi,Delhi,Delhi,28.835279464721793,77.21732330322277,2.0,4.731000000000001,0.0,0.0,Light Rain,28.0,83,12.2
north_goa_goa,North Goa,Goa,15.650289535522518,74.12602996826178,3.6,10.516999999999996,0.0,0.0,Light Rain,26.3,91,10.6
south_goa_goa,South Goa,Goa,15.355693817138672,73.78180694580107,0.0,0.28299999999999986,0.0,0.0,Light Rain,28.7,79,14.0
ahmadabad_gujarat,Ahmadabad,Gujarat,23.105880737304688,72.34465789794939,0.0,0.102,0.0,0.0,Light Rain,32.5,73,16.8
amreli_gujarat,Amreli,Gujarat,20.914304733276367,71.51625061035185,0.1,0.752,0.0,0.0,Light Rain,30.7,75,22.1
anand_gujarat,Anand,Gujarat,22.208194732666016,72.47264099121111,0.0,0.111,0.0,0.0,Light Rain,33.3,71,22.2
banas_kantha_gujarat,Banas Kantha,Gujarat,24.622989654541072,72.34020233154325,0.1,1.2799999999999994,0.0,0.0,Light Rain,32.0,67,21.5
bharuch_gujarat,Bharuch,Gujarat,21.446809768676815,72.67597198486345,0.3,4.278000000000001,0.0,0.0,Light Rain,29.9,75,24.9
bhavnagar_gujarat,Bhavnagar,Gujarat,20.999582290649528,71.70375061035185,0.0,0.27,0.0,0.0,Light Rain,30.0,77,24.0
dahod_gujarat,Dahod,Gujarat,23.381389617919922,73.96247100830095,0.4,2.28,0.0,0.0,Light Rain,30.2,77,20.5
gandhinagar_gujarat,Gandhinagar,Gujarat,23.385601043701172,72.73297882080078,0.0,0.002,0.0,0.0,Light Rain,31.3,75,17.0
jamnagar_gujarat,Jamnagar,Gujarat,22.358194351196403,69.45263671875006,0.0,0.25100000000000006,0.0,0.0,Light Rain,29.8,76,26.5
junagadh_gujarat,Junagadh,Gujarat,20.718719482422102,70.87040710449247,0.0,0.3310000000000002,0.0,0.0,Light Rain,29.9,77,18.5
kachchh_gujarat,Kachchh,Gujarat,22.764862060546875,69.64263916015653,0.0,0.6560000000000001,0.0,0.0,Light Rain,30.5,70,25.9
kheda_gujarat,Kheda,Gujarat,23.286600112915096,73.53058624267607,0.0,0.004,0.0,0.0,Light Rain,30.6,76,17.6
mahesana_gujarat,Mahesana,Gujarat,24.01600074768089,72.87029266357416,0.4,0.7990000000000002,0.0,0.0,Light Rain,30.2,77,17.1
narmada_gujarat,Narmada,Gujarat,21.87034034729004,73.9491806030274,0.2,0.4870000000000003,0.0,0.0,Light Rain,31.7,77,17.3
navsari_gujarat,Navsari,Gujarat,20.763200759887923,72.84597015380865,0.2,1.612,0.0,0.0,Light Rain,29.7,75,19.9
panch_mahals_gujarat,Panch Mahals,Gujarat,23.412662506103516,73.72614288330078,0.3,3.2000000000000015,0.0,0.0,Light Rain,30.0,77,18.5
patan_gujarat,Patan,Gujarat,23.929000854492244,72.48478698730497,0.2,1.0080000000000005,0.0,0.0,Light Rain,32.0,71,18.2
porbandar_gujarat,Porbandar,Gujarat,21.56402969360363,69.7242965698245,0.0,0.49199999999999994,0.0,0.0,Light Rain,30.3,73,21.6
rajkot_gujarat,Rajkot,Gujarat,23.165739059448242,71.05827331542997,0.0,0.325,0.0,0.0,Light Rain,32.6,71,22.4
sabar_kantha_gujarat,Sabar Kantha,Gujarat,23.814380645751953,73.37042236328125,0.6,1.632000000000001,0.0,0.0,Light Rain,27.9,78,18.6
surat_gujarat,Surat,Gujarat,21.076248168945256,72.64763641357428,0.2,1.636,0.0,0.0,Light Rain,29.7,75,20.0
surendranagar_gujarat,Surendranagar,Gujarat,23.501279830932674,72.00865936279303,0.0,0.34600000000000003,0.0,0.0,Light Rain,32.7,70,20.4
the_dangs_gujarat,The Dangs,Gujarat,20.93300056457531,73.89633941650396,0.2,3.4510000000000023,0.0,0.0,Light Rain,28.7,84,18.3
vadodara_gujarat,Vadodara,Gujarat,22.45564079284668,73.73427581787121,0.1,2.3040000000000003,0.0,0.0,Light Rain,29.8,77,20.1
valsad_gujarat,Valsad,Gujarat,20.73430633544922,72.87403106689459,0.2,1.612,0.0,0.0,Light Rain,29.7,75,19.9
ambala_haryana,Ambala,Haryana,30.572692871093864,77.12378692626959,0.5,1.649,0.0,0.0,Light Rain,27.5,83,17.7
bhiwani_haryana,Bhiwani,Haryana,28.9912109375,76.22315216064459,0.0,0.40500000000000036,0.0,0.0,Light Rain,30.8,71,14.2
faridabad_haryana,Faridabad,Haryana,28.083730697631893,77.47001647949247,1.1,2.6539999999999977,0.0,0.0,Light Rain,28.3,82,12.4
fatehabad_haryana,Fatehabad,Haryana,29.733512878417912,75.93866729736328,0.0,0.026999999999999996,0.0,0.0,Light Rain,31.1,75,15.6
gurgaon_haryana,Gurgaon,Haryana,28.52028083801281,77.07247924804693,1.4,1.2330000000000005,0.0,0.0,Light Rain,29.0,78,10.1
hisar_haryana,Hisar,Haryana,29.5689697265625,75.94948577880888,0.0,0.27900000000000014,0.0,0.0,Light Rain,30.9,73,13.8
jhajjar_haryana,Jhajjar,Haryana,28.820680618286417,76.94230651855469,1.8,2.675999999999998,0.0,0.0,Light Rain,29.6,78,12.0
jind_haryana,Jind,Haryana,29.843231201172046,76.21111297607428,0.1,2.6349999999999993,0.0,0.0,Light Rain,30.1,78,13.9
kaithal_haryana,Kaithal,Haryana,30.100709915161246,76.45208740234403,1.5,4.273999999999999,0.0,0.0,Light Rain,30.0,81,14.3
karnal_haryana,Karnal,Haryana,29.94071006774925,77.21112823486334,5.5,3.336,0.0,0.0,Light Rain,27.1,86,16.6
kurukshetra_haryana,Kurukshetra,Haryana,30.180231094360465,77.09870147705072,2.3,6.259000000000006,0.0,0.0,Light Rain,27.1,85,18.0
mahendragarh_haryana,Mahendragarh,Haryana,28.43934059143089,76.2819366455081,0.0,0.1780000000000001,0.0,0.0,Light Rain,32.4,66,15.0
panchkula_haryana,Panchkula,Haryana,30.906801223754883,76.80979919433594,1.5,1.0870000000000002,0.0,0.0,Light Rain,28.2,80,11.6
panipat_haryana,Panipat,Haryana,29.495130538940487,76.85755920410168,5.1,8.892000000000007,0.0,0.0,Light Rain,28.6,84,13.9
rewari_haryana,Rewari,Haryana,28.22524070739769,76.85433959960966,0.0,0.5270000000000001,0.0,0.0,Light Rain,30.5,71,13.2
rohtak_haryana,Rohtak,Haryana,28.86712074279791,76.89277648925787,1.7,0.9760000000000008,0.0,0.0,Light Rain,29.2,79,11.9
sirsa_haryana,Sirsa,Haryana,29.836908340454215,75.17855834960966,0.0,1.8720000000000006,0.0,0.0,Light Rain,32.2,73,14.3
sonepat_haryana,Sonepat,Haryana,29.27496910095215,76.67138671875006,0.4,0.8749999999999991,0.0,0.0,Light Rain,29.6,77,13.0
yamuna_nagar_haryana,Yamuna Nagar,Haryana,30.446250915527457,77.37621307373041,1.4,3.001999999999999,0.0,0.0,Light Rain,25.3,88,13.2
bilaspur_himachal_pradesh,Bilaspur,Himachal Pradesh,31.588310241699446,76.7150497436524,2.4,4.176000000000003,0.0,0.0,Light Rain,28.4,85,8.7
chamba_himachal_pradesh,Chamba,Himachal Pradesh,33.20705032348644,76.56761932373053,0.0,0.0,0.0,0.0,No Rain,-2.2,53,12.5
hamirpur_himachal_pradesh,Hamirpur,Himachal Pradesh,31.588310241699446,76.7150497436524,2.4,4.176000000000003,0.0,0.0,Light Rain,28.4,85,8.7
kangra_himachal_pradesh,Kangra,Himachal Pradesh,32.39939880371105,77.05813598632812,0.7,0.6089999999999999,0.0,0.0,Light Rain,2.0,78,7.0
kinnaur_himachal_pradesh,Kinnaur,Himachal Pradesh,31.259189605712947,78.9068832397461,29.1,31.929999999999986,49.1230769230769,0.0,Moderate Rain,-2.3,94,5.4
kullu_himachal_pradesh,Kullu,Himachal Pradesh,31.78737068176298,77.85101318359392,43.0,43.54700000000002,66.99538461538465,0.0,Moderate Rain,-4.5,94,6.3
lahul_and_spiti_himachal_pradesh,Lahul and Spiti,Himachal Pradesh,33.23666000366211,76.80275726318365,0.0,0.075,0.0,0.0,Light Rain,-1.5,62,10.7
mandi_himachal_pradesh,Mandi,Himachal Pradesh,32.06541061401373,76.92357635498075,9.3,3.749000000000001,0.0,0.0,Light Rain,11.0,81,8.1
shimla_himachal_pradesh,Shimla,Himachal Pradesh,31.288209915161246,78.29836273193371,43.8,43.312000000000005,66.63384615384616,0.0,Moderate Rain,-1.1,94,6.0
sirmaur_himachal_pradesh,Sirmaur,Himachal Pradesh,30.76866912841797,77.68828582763689,18.8,15.71400000000001,0.0,0.0,Moderate Rain,19.7,91,7.3
solan_himachal_pradesh,Solan,Himachal Pradesh,31.301370620727653,76.98869323730486,4.9,8.788000000000006,0.0,0.0,Light Rain,28.2,79,7.7
una_himachal_pradesh,Una,Himachal Pradesh,31.723819732666072,76.29917144775408,0.3,0.67,0.0,0.0,Light Rain,29.7,80,12.9
anantnag_(kashmir_south)_jammu_and_kashmir,Anantnag (Kashmir South),Jammu and Kashmir,34.19158172607422,75.74288940429693,0.0,0.054000000000000006,0.0,0.0,Light Rain,9.8,48,10.4
bagdam_jammu_and_kashmir,Bagdam,Jammu and Kashmir,34.04249191284174,74.99674224853527,0.0,0.2959999999999999,0.0,0.0,Light Rain,22.1,43,6.9
baramula_(kashmir_north)_jammu_and_kashmir,Baramula (Kashmir North),Jammu and Kashmir,34.722618103027344,74.64798736572266,0.0,0.018000000000000002,0.0,0.0,Light Rain,12.6,51,11.2
doda_jammu_and_kashmir,Doda,Jammu and Kashmir,34.19158172607422,75.74288940429693,0.0,0.054000000000000006,0.0,0.0,Light Rain,9.8,48,10.4
jammu_jammu_and_kashmir,Jammu,Jammu and Kashmir,33.00067138671875,74.67560577392572,0.0,0.009999999999999998,0.0,0.0,Light Rain,29.2,65,7.3
kargil_jammu_and_kashmir,Kargil,Jammu and Kashmir,34.543388366699276,75.46463775634777,0.0,0.0,0.0,0.0,No Rain,5.7,51,15.1
kathua_jammu_and_kashmir,Kathua,Jammu and Kashmir,32.57619094848633,75.872543334961,3.3,6.9220000000000015,0.0,0.0,Light Rain,28.2,73,7.6
kupwara_(muzaffarabad)_jammu_and_kashmir,Kupwara (Muzaffarabad),Jammu and Kashmir,34.722618103027344,74.64798736572266,0.0,0.018000000000000002,0.0,0.0,Light Rain,12.6,51,11.2
ladakh_(leh)_jammu_and_kashmir,Ladakh (Leh),Jammu and Kashmir,32.51174163818371,78.41075897216791,16.5,12.74,0.0,0.0,Light Rain,-11.1,88,7.8
pulwama_jammu_and_kashmir,Pulwama,Jammu and Kashmir,34.047729492187614,75.24260711669933,0.1,2.3819999999999997,0.0,0.0,Light Rain,10.2,53,9.0
punch_jammu_and_kashmir,Punch,Jammu and Kashmir,34.06135940551769,73.88432312011724,0.0,0.055,0.0,0.0,Light Rain,23.8,63,12.0
rajauri_jammu_and_kashmir,Rajauri,Jammu and Kashmir,33.507877349853516,74.75321197509777,1.1,3.8539999999999996,0.0,0.0,Light Rain,9.8,69,4.6
srinagar_jammu_and_kashmir,Srinagar,Jammu and Kashmir,34.373760223388786,75.47750854492188,0.0,0.17700000000000002,0.0,0.0,Light Rain,5.7,50,12.9
udhampur_jammu_and_kashmir,Udhampur,Jammu and Kashmir,33.486850738525504,75.0402297973634,1.1,3.045,0.0,0.0,Light Rain,15.3,60,5.2
bokaro_jharkhand,Bokaro,Jharkhand,23.965480804443416,85.68509674072271,0.2,1.6100000000000003,0.0,0.0,Light Rain,29.5,81,11.5
chatra_jharkhand,Chatra,Jharkhand,24.380750656127987,85.08068084716803,0.4,0.7240000000000001,0.0,0.0,Light Rain,29.9,78,10.6
deoghar_jharkhand,Deoghar,Jharkhand,24.607410430908146,86.6092987060548,1.3,2.0989999999999993,0.0,0.0,Light Rain,30.3,85,13.1
dhanbad_jharkhand,Dhanbad,Jharkhand,24.05323982238781,86.3845672607423,1.6,4.830000000000001,0.0,0.0,Light Rain,30.8,81,14.1
dumka_jharkhand,Dumka,Jharkhand,24.624031066894588,87.04440307617188,7.3,5.936999999999996,0.0,0.0,Light Rain,30.0,89,13.2
garhwa_jharkhand,Garhwa,Jharkhand,24.532880783080998,83.86804199218761,0.6,2.661,0.0,0.0,Light Rain,31.2,80,9.9
giridih_jharkhand,Giridih,Jharkhand,24.779541015624943,86.05058288574224,0.3,2.7809999999999984,0.0,0.0,Light Rain,30.4,79,12.1
godda_jharkhand,Godda,Jharkhand,25.1946697235108,87.47216033935558,1.3,5.503000000000001,0.0,0.0,Light Rain,30.4,89,8.6
gumla_jharkhand,Gumla,Jharkhand,23.603490829467773,84.39187622070312,3.5,2.516,0.0,0.0,Light Rain,29.0,84,9.9
hazaribag_jharkhand,Hazaribag,Jharkhand,24.539384841919002,85.44213104248053,0.1,1.3910000000000002,0.0,0.0,Light Rain,29.9,80,11.5
jamtara_jharkhand,Jamtara,Jharkhand,24.107950210571346,86.97392272949224,2.2,12.072999999999995,0.0,0.0,Light Rain,30.4,87,11.2
koderma_jharkhand,Koderma,Jharkhand,24.761280059814567,85.90457153320312,0.6,0.9399999999999998,0.0,0.0,Light Rain,29.2,80,11.7
latehar_jharkhand,Latehar,Jharkhand,23.98588943481451,84.57836914062494,2.6,3.296,0.0,0.0,Light Rain,29.3,81,9.6
lohardaga_jharkhand,Lohardaga,Jharkhand,23.603490829467773,84.39187622070312,3.5,2.516,0.0,0.0,Light Rain,29.0,84,9.9
pakur_jharkhand,Pakur,Jharkhand,24.738189697265625,87.83970642089855,0.6,7.968,0.0,0.0,Light Rain,31.6,87,9.0
palamu_jharkhand,Palamu,Jharkhand,24.532880783080998,83.86804199218761,0.6,2.661,0.0,0.0,Light Rain,31.2,80,9.9
pashchim_singhbhum_jharkhand,Pashchim Singhbhum,Jharkhand,22.805940628051758,85.51064300537138,0.2,0.5750000000000002,0.0,0.0,Light Rain,28.2,82,11.8
purba_singhbhum_jharkhand,Purba Singhbhum,Jharkhand,22.7078800201416,86.55510711669933,0.5,2.944999999999999,0.0,0.0,Light Rain,30.5,82,10.7
ranchi_jharkhand,Ranchi,Jharkhand,23.688329696655273,84.98539733886713,0.5,2.6739999999999986,0.0,0.0,Light Rain,29.6,79,12.0
sahibganj_jharkhand,Sahibganj,Jharkhand,25.22048950195324,87.787582397461,0.6,6.342000000000004,0.0,0.0,Light Rain,31.4,87,8.2
saraikela_kharsawan_jharkhand,Saraikela Kharsawan,Jharkhand,22.993368148803768,86.23448181152355,0.4,2.5909999999999997,0.0,0.0,Light Rain,31.1,82,11.2
simdega_jharkhand,Simdega,Jharkhand,22.782791137695312,84.97238922119152,0.7,3.1979999999999995,0.0,0.0,Light Rain,30.1,82,11.2
bagalkot_karnataka,Bagalkot,Karnataka,16.162229537963924,76.23989868164068,0.3,1.3319999999999996,0.0,0.0,Light Rain,32.5,60,17.5
bangalore_rural_karnataka,Bangalore Rural,Karnataka,13.492400169372502,77.3793563842774,0.0,0.11899999999999998,0.0,0.0,Light Rain,30.5,65,9.4
bangalore_urban_karnataka,Bangalore Urban,Karnataka,12.858989715576229,77.82559967041016,0.1,1.101,0.0,0.0,Light Rain,30.2,69,15.1
belgaum_karnataka,Belgaum,Karnataka,16.9525203704834,75.34532928466814,0.0,0.27899999999999997,0.0,0.0,Light Rain,31.9,67,17.4
bellary_karnataka,Bellary,Karnataka,15.131621360778809,77.15276336669928,0.0,0.004,0.0,0.0,Light Rain,33.2,61,12.8
bidar_karnataka,Bidar,Karnataka,18.2913494110108,77.54995727539091,0.0,1.0360000000000005,0.0,0.0,Light Rain,31.6,68,14.7
bijapur_karnataka,Bijapur,Karnataka,17.332321166992188,76.07347869873075,0.0,0.0,0.0,0.0,No Rain,33.9,60,15.5
chamrajnagar_karnataka,Chamrajnagar,Karnataka,12.298590660095158,77.31327819824213,0.5,4.343000000000001,0.0,0.0,Light Rain,32.7,68,10.9
chikmagalur_karnataka,Chikmagalur,Karnataka,13.571940422058162,76.34986114501982,0.6,1.5249999999999997,0.0,0.0,Light Rain,31.0,67,16.4
chitradurga_karnataka,Chitradurga,Karnataka,14.982971191406364,76.75698852539068,0.5,0.7640000000000002,0.0,0.0,Light Rain,31.0,67,20.4
dakshin_kannad_karnataka,Dakshin Kannad,Karnataka,12.90996170043951,75.55487823486357,0.2,1.546,0.0,0.0,Light Rain,30.8,83,9.7
davanagere_karnataka,Davanagere,Karnataka,14.556280136108512,76.5079193115235,2.0,1.5499999999999992,0.0,0.0,Light Rain,32.1,64,18.4
dharwad_karnataka,Dharwad,Karnataka,15.056751251220646,75.41987609863298,0.4,0.682,0.0,0.0,Light Rain,30.6,76,15.9
gadag_karnataka,Gadag,Karnataka,15.834660530090389,75.84570312500011,0.3,3.3649999999999984,0.0,0.0,Light Rain,32.4,66,19.0
gulbarga_karnataka,Gulbarga,Karnataka,17.679952621460075,76.69055175781267,0.0,0.011000000000000001,0.0,0.0,Light Rain,32.1,63,15.2
hassan_karnataka,Hassan,Karnataka,12.9989595413208,76.62580108642584,1.2,3.494,0.0,0.0,Light Rain,29.7,72,13.5
haveri_karnataka,Haveri,Karnataka,15.056751251220646,75.41987609863298,0.4,0.682,0.0,0.0,Light Rain,30.6,76,15.9
kodagu_karnataka,Kodagu,Karnataka,12.560621261596793,76.0161972045899,1.1,3.311000000000001,0.0,0.0,Light Rain,33.4,71,16.2
kolar_karnataka,Kolar,Karnataka,13.776900291443098,78.11823272705095,0.1,2.718,0.0,0.0,Light Rain,31.5,59,18.5
koppal_karnataka,Koppal,Karnataka,15.897871017456112,76.28418731689459,0.1,1.5179999999999996,0.0,0.0,Light Rain,31.9,62,17.8
mandya_karnataka,Mandya,Karnataka,12.738390922546387,77.07324981689459,1.3,3.143999999999999,0.0,0.0,Light Rain,30.5,70,10.4
mysore_karnataka,Mysore,Karnataka,12.23419189453125,77.1039657592774,0.4,0.9330000000000002,0.0,0.0,Light Rain,31.3,70,13.6
raichur_karnataka,Raichur,Karnataka,16.4029998779298,77.28466033935541,0.0,0.0,0.0,0.0,No Rain,32.8,62,11.7
shimoga_karnataka,Shimoga,Karnataka,14.272900581359863,75.53613281250006,0.2,0.5850000000000002,0.0,0.0,Light Rain,29.7,77,13.0
tumkur_karnataka,Tumkur,Karnataka,13.675790786743164,77.44975280761724,0.0,0.257,0.0,0.0,Light Rain,31.7,64,10.5
udupi_karnataka,Udupi,Karnataka,13.282921791076888,74.72846984863298,0.1,1.808000000000001,0.0,0.0,Light Rain,30.0,83,12.1
uttar_kannand_karnataka,Uttar Kannand,Karnataka,14.011249542236385,74.48291778564482,0.1,1.429,0.0,0.0,Light Rain,29.5,83,10.8
alappuzha_kerala,Alappuzha,Kerala,9.54152965545677,76.404296875,1.2,1.6040000000000012,0.0,0.0,Light Rain,29.4,84,16.9
ernakulam_kerala,Ernakulam,Kerala,9.821182250976733,76.39153289794928,1.3,2.693,0.0,0.0,Light Rain,30.6,84,15.0
idukki_kerala,Idukki,Kerala,10.220549583435002,77.27482604980474,0.2,0.8420000000000002,0.0,0.0,Light Rain,22.8,69,12.8
kannur_kerala,Kannur,Kerala,11.98708343505865,75.28541564941423,0.0,0.192,0.0,0.0,Light Rain,30.0,83,15.7
kasaragod_kerala,Kasaragod,Kerala,12.109311103820914,75.15763854980486,0.0,0.28400000000000003,0.0,0.0,Light Rain,30.3,83,14.2
kollam_kerala,Kollam,Kerala,9.061951637268123,77.19148254394537,3.2,5.212000000000001,0.0,0.0,Light Rain,28.7,85,17.4
kottayam_kerala,Kottayam,Kerala,9.540970802307243,76.46736145019526,0.9,4.032000000000001,0.0,0.0,Light Rain,31.6,81,14.9
kozhikode_kerala,Kozhikode,Kerala,11.134310722351074,75.83819580078125,0.0,0.24100000000000005,0.0,0.0,Light Rain,30.1,83,14.1
malappuram_kerala,Malappuram,Kerala,11.194549560546932,76.43802642822283,0.0,0.22899999999999998,0.0,0.0,Light Rain,20.8,75,9.7
palakkad_kerala,Palakkad,Kerala,10.33026123046875,76.82676696777361,1.0,3.0189999999999992,0.0,0.0,Light Rain,25.6,81,10.1
pattanamtitta_kerala,Pattanamtitta,Kerala,9.262399673461914,77.26760864257818,0.5,0.384,0.0,0.0,Light Rain,25.0,82,14.4
thiruvananthapuram_kerala,Thiruvananthapuram,Kerala,8.761110305786076,77.18300628662104,5.7,13.861000000000004,0.0,0.0,Light Rain,27.2,93,11.5
thrissur_kerala,Thrissur,Kerala,10.33026123046875,76.82676696777361,1.0,3.0189999999999992,0.0,0.0,Light Rain,25.6,81,10.1
wayanad_kerala,Wayanad,Kerala,11.970639228820914,76.10791015625006,1.4,1.7729999999999992,0.0,0.0,Light Rain,28.2,83,12.9
kavaratti_lakshadweep,Kavaratti,Lakshadweep,8.327642440796012,73.08097076416021,0.0,0.8789999999999999,0.0,0.0,Light Rain,29.2,77,20.8
anuppur_madhya_pradesh,Anuppur,Madhya Pradesh,23.103799819946232,82.11588287353521,0.6,2.309,0.0,0.0,Light Rain,30.0,83,17.7
ashoknagar_madhya_pradesh,Ashoknagar,Madhya Pradesh,24.84817123413086,78.16532897949236,1.1,3.7510000000000003,0.0,0.0,Light Rain,30.7,80,21.5
balaghat_madhya_pradesh,Balaghat,Madhya Pradesh,22.383100509643498,80.83809661865251,1.1,1.138999999999999,0.0,0.0,Light Rain,28.8,86,14.5
barwani_madhya_pradesh,Barwani,Madhya Pradesh,21.39346122741705,75.6194458007813,0.6,1.8090000000000002,0.0,0.0,Light Rain,28.0,83,18.8
betul_madhya_pradesh,Betul,Madhya Pradesh,21.590520858764876,78.33677673339844,0.0,0.7109999999999999,0.0,0.0,Light Rain,29.2,74,25.0
bhind_madhya_pradesh,Bhind,Madhya Pradesh,26.764190673828125,78.77070617675798,0.5,1.206999999999999,0.0,0.0,Light Rain,29.5,78,21.0
bhopal_madhya_pradesh,Bhopal,Madhya Pradesh,23.90015029907238,77.22319793701183,0.0,0.21000000000000008,0.0,0.0,Light Rain,29.9,77,18.8
burhanpur_madhya_pradesh,Burhanpur,Madhya Pradesh,21.5624675750733,76.78024291992193,0.0,1.1399999999999988,0.0,0.0,Light Rain,31.6,72,15.7
chhatarpur_madhya_pradesh,Chhatarpur,Madhya Pradesh,25.030242919921875,80.26693725585949,0.5,1.091,0.0,0.0,Light Rain,31.0,78,16.8
chhindwara_madhya_pradesh,Chhindwara,Madhya Pradesh,22.61791038513178,79.31949615478521,0.0,0.48699999999999993,0.0,0.0,Light Rain,28.4,76,22.0
damoh_madhya_pradesh,Damoh,Madhya Pradesh,24.376791000366268,79.79006958007818,2.6,7.612000000000003,0.0,0.0,Light Rain,30.5,82,20.2
datia_madhya_pradesh,Datia,Madhya Pradesh,25.91566085815424,78.87638092041033,0.0,0.069,0.0,0.0,Light Rain,30.7,73,16.9
dewas_madhya_pradesh,Dewas,Madhya Pradesh,23.24492263793951,76.11138153076178,0.0,0.612,0.0,0.0,Light Rain,29.1,76,22.5
dhar_madhya_pradesh,Dhar,Madhya Pradesh,22.872650146484375,75.43763732910173,0.0,1.921999999999999,0.0,0.0,Light Rain,28.9,77,20.5
dindori_madhya_pradesh,Dindori,Madhya Pradesh,23.217821121215934,81.11756134033209,1.4,1.5120000000000007,0.0,0.0,Light Rain,29.0,84,17.4
east_nimar_madhya_pradesh,East Nimar,Madhya Pradesh,22.35053062438965,76.77973937988293,0.1,1.3129999999999993,0.0,0.0,Light Rain,30.1,74,21.0
guna_madhya_pradesh,Guna,Madhya Pradesh,25.08386993408226,77.30285644531256,0.2,0.3450000000000001,0.0,0.0,Light Rain,30.9,75,16.7
gwalior_madhya_pradesh,Gwalior,Madhya Pradesh,26.162389755249023,78.62124633789068,0.0,1.15,0.0,0.0,Light Rain,30.5,73,17.9
harda_madhya_pradesh,Harda,Madhya Pradesh,22.56682968139654,77.20426940917974,0.1,5.454999999999999,0.0,0.0,Light Rain,30.3,74,18.8
hoshangabad_madhya_pradesh,Hoshangabad,Madhya Pradesh,22.70219993591303,78.67434692382841,0.0,0.2980000000000001,0.0,0.0,Light Rain,29.9,78,18.2
indore_madhya_pradesh,Indore,Madhya Pradesh,23.003751754760685,75.89923095703125,0.0,0.6709999999999999,0.0,0.0,Light Rain,29.2,75,22.9
jabalpur_madhya_pradesh,Jabalpur,Madhya Pradesh,23.392061233520508,80.53716278076178,2.5,9.674000000000005,0.0,0.0,Light Rain,29.1,84,17.9
jhabua_madhya_pradesh,Jhabua,Madhya Pradesh,23.11384010314947,75.00981903076189,0.0,0.605,0.0,0.0,Light Rain,29.0,77,23.1
katni_madhya_pradesh,Katni,Madhya Pradesh,24.069192886352596,80.95056915283232,2.5,9.084000000000005,0.0,0.0,Light Rain,28.7,85,19.3
mandla_madhya_pradesh,Mandla,Madhya Pradesh,22.33484840393072,80.87404632568371,1.0,1.1069999999999995,0.0,0.0,Light Rain,28.4,87,14.7
mandsaur_madhya_pradesh,Mandsaur,Madhya Pradesh,24.765529632568303,75.78618621826178,0.0,0.44799999999999995,0.0,0.0,Light Rain,30.8,70,21.3
morena_madhya_pradesh,Morena,Madhya Pradesh,26.77166175842285,78.53504943847662,0.1,4.626000000000001,0.0,0.0,Light Rain,29.7,76,18.8
narsinghpur_madhya_pradesh,Narsinghpur,Madhya Pradesh,23.22311019897461,79.18334197998053,0.2,5.589000000000004,0.0,0.0,Light Rain,29.4,80,21.9
neemuch_madhya_pradesh,Neemuch,Madhya Pradesh,25.037700653076115,75.19441986083984,0.0,0.28300000000000003,0.0,0.0,Light Rain,30.1,70,19.0
panna_madhya_pradesh,Panna,Madhya Pradesh,25.045320510864258,80.49420928955095,1.5,3.7259999999999978,0.0,0.0,Light Rain,30.4,79,16.4
raisen_madhya_pradesh,Raisen,Madhya Pradesh,23.239271163940543,78.80155181884794,0.4,2.1589999999999994,0.0,0.0,Light Rain,30.3,77,20.5
rajgarh_madhya_pradesh,Rajgarh,Madhya Pradesh,24.134929656982536,76.87758636474621,0.0,1.1289999999999998,0.0,0.0,Light Rain,30.4,74,18.5
ratlam_madhya_pradesh,Ratlam,Madhya Pradesh,23.760568618774414,75.68447875976568,0.0,0.5710000000000001,0.0,0.0,Light Rain,28.8,77,22.2
rewa_madhya_pradesh,Rewa,Madhya Pradesh,24.809949874877987,82.1000061035158,2.1,7.066,0.0,0.0,Light Rain,28.6,83,22.9
sagar_madhya_pradesh,Sagar,Madhya Pradesh,24.423240661621207,78.98689270019537,2.3,4.862999999999999,0.0,0.0,Light Rain,30.7,81,21.1
satna_madhya_pradesh,Satna,Madhya Pradesh,24.901821136474837,81.11678314208984,1.6,2.081999999999999,0.0,0.0,Light Rain,28.6,82,15.9
sehore_madhya_pradesh,Sehore,Madhya Pradesh,23.093080520629996,77.379379272461,0.0,0.321,0.0,0.0,Light Rain,29.6,75,21.1
seoni_madhya_pradesh,Seoni,Madhya Pradesh,22.854690551757812,79.95732879638678,0.0,2.2279999999999984,0.0,0.0,Light Rain,28.8,80,19.5
shahdol_madhya_pradesh,Shahdol,Madhya Pradesh,23.889022827148438,81.596908569336,2.4,17.44300000000001,0.0,0.0,Moderate Rain,30.0,84,16.8
shajapur_madhya_pradesh,Shajapur,Madhya Pradesh,23.484638214111385,77.04810333251964,0.0,0.23200000000000007,0.0,0.0,Light Rain,29.4,75,19.0
sheopur_madhya_pradesh,Sheopur,Madhya Pradesh,25.916448593139762,77.64945983886724,3.6,3.06,0.0,0.0,Light Rain,30.1,81,18.5
shivpuri_madhya_pradesh,Shivpuri,Madhya Pradesh,25.786399841308707,78.27368164062517,0.2,1.3770000000000002,0.0,0.0,Light Rain,31.0,77,16.1
sidhi_madhya_pradesh,Sidhi,Madhya Pradesh,24.678340911865348,82.51843261718744,1.7,3.812999999999997,0.0,0.0,Light Rain,30.0,84,16.8
tikamgarh_madhya_pradesh,Tikamgarh,Madhya Pradesh,25.15096092224144,79.31388854980463,0.8,2.1730000000000005,0.0,0.0,Light Rain,31.5,78,19.7
ujjain_madhya_pradesh,Ujjain,Madhya Pradesh,23.24492263793951,76.11138153076178,0.0,0.612,0.0,0.0,Light Rain,29.1,76,22.5
umaria_madhya_pradesh,Umaria,Madhya Pradesh,24.090719223022575,80.99917602539074,3.2,5.5230000000000015,0.0,0.0,Light Rain,28.5,83,19.2
vidisha_madhya_pradesh,Vidisha,Madhya Pradesh,24.31967926025385,77.64372253417974,0.0,0.285,0.0,0.0,Light Rain,29.9,75,21.3
west_nimar_madhya_pradesh,West Nimar,Madhya Pradesh,22.332620620727653,76.21219635009783,0.0,0.33399999999999996,0.0,0.0,Light Rain,30.8,73,21.0
ahmednagar_maharashtra,Ahmednagar,Maharashtra,19.947629928588867,74.67767333984403,0.2,0.9920000000000003,0.0,0.0,Light Rain,31.6,71,17.5
akola_maharashtra,Akola,Maharashtra,20.76114082336437,77.61268615722685,0.0,0.22000000000000008,0.0,0.0,Light Rain,32.3,64,20.3
amravati_maharashtra,Amravati,Maharashtra,21.590520858764876,78.33677673339844,0.0,0.7109999999999999,0.0,0.0,Light Rain,29.2,74,25.0
aurangabad_maharashtra,Aurangabad,Maharashtra,20.564979553222884,75.88993835449224,0.0,0.38900000000000007,0.0,0.0,Light Rain,29.9,75,17.8
bhandara_maharashtra,Bhandara,Maharashtra,21.491140365600813,80.37532806396479,0.6,3.1730000000000005,0.0,0.0,Light Rain,30.0,84,11.4
bid_maharashtra,Bid,Maharashtra,19.38202285766613,75.61145019531256,0.0,0.29700000000000004,0.0,0.0,Light Rain,35.5,54,15.2
buldana_maharashtra,Buldana,Maharashtra,21.191030502319336,76.7818222045899,0.0,0.059999999999999984,0.0,0.0,Light Rain,30.0,75,15.9
chandrapur_maharashtra,Chandrapur,Maharashtra,20.6656494140625,79.92656707763689,0.0,0.15100000000000008,0.0,0.0,Light Rain,30.8,74,15.4
dhule_maharashtra,Dhule,Maharashtra,21.415840148925838,75.2074584960938,0.6,2.357,0.0,0.0,Light Rain,31.3,73,18.8
garhchiroli_maharashtra,Garhchiroli,Maharashtra,20.819681167602596,80.555892944336,0.0,0.4290000000000001,0.0,0.0,Light Rain,29.5,81,15.1
gondiya_maharashtra,Gondiya,Maharashtra,21.491140365600813,80.37532806396479,0.6,3.1730000000000005,0.0,0.0,Light Rain,30.0,84,11.4
greater_bombay_maharashtra,Greater Bombay,Maharashtra,19.13541984558117,72.78180694580078,0.6,3.2699999999999996,0.0,0.0,Light Rain,30.4,79,11.0
hingoli_maharashtra,Hingoli,Maharashtra,19.91090965271019,77.28312683105497,0.0,0.002,0.0,0.0,Light Rain,32.4,63,16.4
jalgaon_maharashtra,Jalgaon,Maharashtra,21.39346122741705,75.6194458007813,0.6,1.8090000000000002,0.0,0.0,Light Rain,28.0,83,18.8
jalna_maharashtra,Jalna,Maharashtra,19.85120010375988,76.53199768066435,0.0,0.06299999999999993,0.0,0.0,Light Rain,32.6,64,16.5
kolhapur_maharashtra,Kolhapur,Maharashtra,16.71520042419445,74.69819641113287,0.4,0.5830000000000001,0.0,0.0,Light Rain,32.8,70,17.6
latur_maharashtra,Latur,Maharashtra,18.418380737304688,77.26455688476568,0.0,0.35900000000000004,0.0,0.0,Light Rain,32.0,67,13.1
nagpur_maharashtra,Nagpur,Maharashtra,21.590280532837028,79.50582122802751,0.4,0.9380000000000002,0.0,0.0,Light Rain,31.0,76,13.5
nanded_maharashtra,Nanded,Maharashtra,19.91274070739746,78.31019592285168,0.0,1.3479999999999999,0.0,0.0,Light Rain,31.4,73,13.0
nandurbar_maharashtra,Nandurbar,Maharashtra,22.030998229980526,74.43554687500006,0.0,0.8670000000000002,0.0,0.0,Light Rain,32.3,73,21.4
nashik_maharashtra,Nashik,Maharashtra,20.635208129882926,74.81838226318365,0.4,1.3099999999999992,0.0,0.0,Light Rain,33.1,66,15.6
osmanabad_maharashtra,Osmanabad,Maharashtra,18.556470870971737,76.27661132812528,0.0,0.008,0.0,0.0,Light Rain,32.1,63,15.7
parbhani_maharashtra,Parbhani,Maharashtra,19.86634826660162,76.64563751220709,0.0,0.06299999999999999,0.0,0.0,Light Rain,32.9,63,16.0
pune_maharashtra,Pune,Maharashtra,18.338930130004883,74.83828735351591,0.1,3.9449999999999994,0.0,0.0,Light Rain,32.6,67,13.3
raigarh_maharashtra,Raigarh,Maharashtra,18.3012504577639,72.96597290039068,1.0,3.385999999999998,0.0,0.0,Light Rain,29.5,83,12.4
ratnagiri_maharashtra,Ratnagiri,Maharashtra,17.818750381469897,73.08429718017572,0.8,4.781000000000001,0.0,0.0,Light Rain,29.4,87,11.7
sangli_maharashtra,Sangli,Maharashtra,17.30326080322277,75.60595703125011,0.0,0.0030000000000000005,0.0,0.0,Light Rain,33.5,60,15.0
satara_maharashtra,Satara,Maharashtra,18.02881050109869,74.71494293212908,0.3,2.4189999999999996,0.0,0.0,Light Rain,33.9,66,15.7
sindhudurg_maharashtra,Sindhudurg,Maharashtra,16.04569435119629,73.46013641357428,0.5,2.8190000000000013,0.0,0.0,Light Rain,29.9,83,13.1
solapur_maharashtra,Solapur,Maharashtra,18.518381118774414,75.31709289550798,0.0,0.09300000000000001,0.0,0.0,Light Rain,33.3,63,13.0
thane_maharashtra,Thane,Maharashtra,19.46847152709961,72.73124694824213,0.2,0.5460000000000003,0.0,0.0,Light Rain,30.1,77,12.3
wardha_maharashtra,Wardha,Maharashtra,21.33011054992687,78.24674224853516,0.0,0.08799999999999995,0.0,0.0,Light Rain,31.2,75,14.0
washim_maharashtra,Washim,Maharashtra,20.565170288086165,77.64961242675787,0.0,0.259,0.0,0.0,Light Rain,32.1,64,19.7
yavatmal_maharashtra,Yavatmal,Maharashtra,20.297519683838004,78.79656219482433,0.0,0.271,0.0,0.0,Light Rain,30.9,75,16.1
bishnupur_manipur,Bishnupur,Manipur,24.557140350341854,93.8776931762697,0.6,3.1099999999999994,0.0,0.0,Light Rain,30.7,79,10.1
chandel_manipur,Chandel,Manipur,24.489631652831974,94.4089813232423,0.8,3.267999999999998,0.0,0.0,Light Rain,32.5,80,7.0
churachandpur_manipur,Churachandpur,Manipur,24.61626052856451,93.70175170898466,1.5,1.0520000000000003,0.0,0.0,Light Rain,24.2,87,9.9
east_imphal_manipur,East Imphal,Manipur,24.71221542358404,93.16130828857422,0.8,4.723000000000001,0.0,0.0,Light Rain,31.2,84,9.0
senapati_manipur,Senapati,Manipur,24.63196945190441,94.2054977416995,1.1,2.7190000000000003,0.0,0.0,Light Rain,25.3,84,7.7
tamenglong_manipur,Tamenglong,Manipur,24.61626052856451,93.70175170898466,1.5,1.0520000000000003,0.0,0.0,Light Rain,24.2,87,9.9
thoubal_manipur,Thoubal,Manipur,24.698141098022518,94.0889892578125,0.0,0.3500000000000001,0.0,0.0,Light Rain,29.6,81,11.3
ukhrul_manipur,Ukhrul,Manipur,25.64659118652355,94.58693695068371,0.2,0.629,0.0,0.0,Light Rain,30.1,80,6.7
west_imphal_manipur,West Imphal,Manipur,24.901319503784237,93.93647766113287,1.2,3.6739999999999986,0.0,0.0,Light Rain,30.0,83,10.6
east_garo_hills_meghalaya,East Garo Hills,Meghalaya,25.961259841918945,90.11865234375,0.1,2.8379999999999996,0.0,0.0,Light Rain,32.7,81,12.8
east_khasi_hills_meghalaya,East Khasi Hills,Meghalaya,25.655414581298885,91.81089782714844,2.6,4.791000000000002,0.0,0.0,Light Rain,28.3,87,10.6
jaintia_hills_meghalaya,Jaintia Hills,Meghalaya,25.673290252685547,92.16050720214844,1.8,3.005999999999999,0.0,0.0,Light Rain,29.5,84,10.8
ri-bhoi_meghalaya,Ri-Bhoi,Meghalaya,26.076490402221623,92.3015823364259,2.0,6.938000000000004,0.0,0.0,Light Rain,32.3,82,12.9
south_garo_hills_meghalaya,South Garo Hills,Meghalaya,25.460109710693416,90.33495330810547,2.7,2.1080000000000014,0.0,0.0,Light Rain,24.1,86,7.3
west_garo_hills_meghalaya,West Garo Hills,Meghalaya,25.549280166625977,89.8738021850586,1.1,7.449000000000005,0.0,0.0,Light Rain,32.1,84,9.2
west_khasi_hills_meghalaya,West Khasi Hills,Meghalaya,25.83609962463379,91.3424911499024,0.7,5.331000000000001,0.0,0.0,Light Rain,32.4,84,8.5
aizawl_mizoram,Aizawl,Mizoram,24.40327072143566,93.00049591064453,1.3,10.227000000000004,0.0,0.0,Light Rain,32.6,86,8.2
champhai_mizoram,Champhai,Mizoram,24.05340003967291,93.33737182617193,1.8,5.950000000000001,0.0,0.0,Light Rain,30.7,87,8.6
kolasib_mizoram,Kolasib,Mizoram,24.394300460815487,92.8963623046875,2.0,18.95299999999999,0.0,0.0,Moderate Rain,31.8,87,7.3
lawngtlai_mizoram,Lawngtlai,Mizoram,22.759460449218864,92.53011322021484,0.0,3.7169999999999974,0.0,0.0,Light Rain,31.9,83,10.0
lunglei_mizoram,Lunglei,Mizoram,23.38496017456066,92.67404937744152,0.0,2.4999999999999996,0.0,0.0,Light Rain,32.5,83,8.7
mamit_mizoram,Mamit,Mizoram,24.248170852661246,92.42253112792963,0.3,0.7079999999999999,0.0,0.0,Light Rain,30.0,82,7.9
saiha_mizoram,Saiha,Mizoram,22.78711128234869,93.10402679443354,0.0,1.7439999999999998,0.0,0.0,Light Rain,31.1,85,7.3
serchhip_mizoram,Serchhip,Mizoram,23.49650382995611,93.01377868652355,0.6,6.564000000000004,0.0,0.0,Light Rain,29.8,87,7.5
dimapur_nagaland,Dimapur,Nagaland,25.90585517883312,93.96075439453136,3.1,7.286000000000004,0.0,0.0,Light Rain,31.9,81,7.8
kohima_nagaland,Kohima,Nagaland,26.0150089263916,94.27401733398438,0.9,2.612999999999999,0.0,0.0,Light Rain,27.6,86,7.1
mokokchung_nagaland,Mokokchung,Nagaland,26.7688503265382,94.73773193359375,3.5,6.298999999999998,0.0,0.0,Light Rain,31.5,83,15.2
mon_nagaland,Mon,Nagaland,27.042949676513672,95.1955184936524,5.9,4.670000000000003,0.0,0.0,Light Rain,31.0,86,8.3
phek_nagaland,Phek,Nagaland,25.763999938964844,94.71668243408197,3.6,8.576,0.0,0.0,Light Rain,32.0,85,3.8
tuensang_nagaland,Tuensang,Nagaland,26.801452636718807,94.79078674316412,5.4,5.929000000000003,0.0,0.0,Light Rain,31.7,85,12.1
wokha_nagaland,Wokha,Nagaland,26.462930679321346,94.31651306152355,2.5,16.312999999999995,0.0,0.0,Moderate Rain,31.8,84,7.1
zunheboto_nagaland,Zunheboto,Nagaland,26.22407913208002,94.58766174316412,1.4,4.599000000000001,0.0,0.0,Light Rain,28.2,89,6.4
angul_orissa,Angul,Orissa,21.17947959899925,85.38886260986328,0.0,3.122999999999999,0.0,0.0,Light Rain,31.3,84,12.5
baleshwar_orissa,Baleshwar,Orissa,21.51972007751465,87.12388610839872,0.1,3.638,0.0,0.0,Light Rain,31.9,82,12.9
baragarh_orissa,Baragarh,Orissa,21.627540588378963,83.72012329101562,0.4,0.6610000000000003,0.0,0.0,Light Rain,30.1,82,14.8
bhadrak_orissa,Bhadrak,Orissa,20.802829742431584,87.01651000976591,1.8,6.084,0.0,0.0,Light Rain,31.3,86,12.9
bolangir_orissa,Bolangir,Orissa,21.05101013183605,83.45217895507818,0.6,3.231,0.0,0.0,Light Rain,31.5,82,10.3
boudh_orissa,Boudh,Orissa,20.60569000244135,84.74501037597668,0.1,5.8,0.0,0.0,Light Rain,30.9,87,13.6
cuttack_orissa,Cuttack,Orissa,20.660440444946403,85.96129608154303,0.0,1.7569999999999997,0.0,0.0,Light Rain,31.8,82,14.6
deogarh_orissa,Deogarh,Orissa,21.589630126953182,85.14418792724615,0.2,1.2909999999999997,0.0,0.0,Light Rain,29.6,84,11.5
dhenkanal_orissa,Dhenkanal,Orissa,21.137769699096793,85.72268676757818,0.5,0.643,0.0,0.0,Light Rain,28.7,84,12.7
gajapati_orissa,Gajapati,Orissa,19.564069747924805,84.2442016601562,0.9,2.833000000000001,0.0,0.0,Light Rain,30.2,81,12.5
ganjam_orissa,Ganjam,Orissa,19.110971450805835,84.75653076171892,1.0,6.5680000000000005,0.0,0.0,Light Rain,32.4,84,10.3
jagatsinghpur_orissa,Jagatsinghpur,Orissa,19.966108322143498,86.3924865722658,0.1,1.5889999999999997,0.0,0.0,Light Rain,32.2,81,16.3
jajpur_orissa,Jajpur,Orissa,21.128999710083008,85.92761993408197,0.2,3.317999999999998,0.0,0.0,Light Rain,32.6,84,10.8
jharsuguda_orissa,Jharsuguda,Orissa,22.01099967956543,84.26277160644537,0.0,0.8630000000000001,0.0,0.0,Light Rain,30.5,84,9.6
kalahandi_orissa,Kalahandi,Orissa,20.384000778198356,83.64536285400396,0.1,3.0159999999999996,0.0,0.0,Light Rain,31.2,77,9.4
kandhamal_orissa,Kandhamal,Orissa,20.669160842895565,84.33584594726568,0.0,0.6330000000000002,0.0,0.0,Light Rain,29.3,84,14.2
kendrapara_orissa,Kendrapara,Orissa,20.373611450195312,86.79166412353516,0.7,3.9170000000000003,0.0,0.0,Light Rain,32.2,82,13.6
keonjhar_orissa,Keonjhar,Orissa,22.051471710205305,85.67195129394537,0.0,0.07800000000000001,0.0,0.0,Light Rain,30.0,82,13.3
khordha_orissa,Khordha,Orissa,20.09867095947277,86.07704925537115,0.0,1.5060000000000004,0.0,0.0,Light Rain,32.0,82,14.1
koraput_orissa,Koraput,Orissa,19.21576118469244,82.21846771240234,0.0,0.0,0.0,0.0,No Rain,29.8,78,12.5
malkangiri_orissa,Malkangiri,Orissa,18.73269081115734,82.08489990234375,0.2,1.7120000000000004,0.0,0.0,Light Rain,29.5,78,8.8
mayurbhanj_orissa,Mayurbhanj,Orissa,22.509159088134766,86.09155273437506,0.2,2.0599999999999996,0.0,0.0,Light Rain,30.7,80,11.6
nabarangpur_orissa,Nabarangpur,Orissa,20.0447998046875,82.00995635986328,0.0,0.41200000000000003,0.0,0.0,Light Rain,29.0,80,13.1
nayagarh_orissa,Nayagarh,Orissa,20.575170516967773,84.78772735595709,0.0,1.8509999999999998,0.0,0.0,Light Rain,31.1,87,13.4
nuapada_orissa,Nuapada,Orissa,21.086959838867188,82.63183593750006,0.2,2.112999999999998,0.0,0.0,Light Rain,30.3,81,14.2
puri_orissa,Puri,Orissa,19.90944671630865,86.24055480957037,0.1,1.2529999999999988,0.0,0.0,Light Rain,32.2,81,15.0
rayagada_orissa,Rayagada,Orissa,19.953510284423828,83.48874664306658,0.1,0.8240000000000003,0.0,0.0,Light Rain,29.9,77,11.5
sambalpur_orissa,Sambalpur,Orissa,21.732410430908317,84.67185211181658,0.4,1.3019999999999987,0.0,0.0,Light Rain,28.8,87,12.1
sonepur_orissa,Sonepur,Orissa,21.12540054321289,83.97984313964838,0.3,0.7560000000000001,0.0,0.0,Light Rain,30.5,83,10.0
sundargarh_orissa,Sundargarh,Orissa,22.520860671997184,84.00250244140653,0.1,1.319,0.0,0.0,Light Rain,29.5,84,10.3
karaikal_puducherry,Karaikal,Puducherry,10.98058128356945,79.76051330566412,2.0,3.9370000000000016,0.0,0.0,Light Rain,35.6,66,15.1
mahe_puducherry,Mahe,Puducherry,12.054471015930176,75.22367095947271,0.0,0.251,0.0,0.0,Light Rain,29.9,83,14.3
puducherry_puducherry,Puducherry,Puducherry,11.815640449523926,79.79397583007807,0.3,2.787000000000001,0.0,0.0,Light Rain,35.9,64,14.2
yanam_puducherry,Yanam,Puducherry,16.697441101074276,82.28515624999994,2.1,9.897000000000011,0.0,0.0,Light Rain,33.7,77,13.9
amritsar_punjab,Amritsar,Punjab,32.04964065551769,74.89803314209001,0.0,3.1869999999999976,0.0,0.0,Light Rain,32.3,71,12.4
bathinda_punjab,Bathinda,Punjab,30.538669586181754,75.17095947265625,0.1,1.9929999999999994,0.0,0.0,Light Rain,31.6,78,14.2
faridkot_punjab,Faridkot,Punjab,30.73619079589855,74.89951324462902,0.0,2.2710000000000012,0.0,0.0,Light Rain,32.0,74,14.6
fatehgarh_sahib_punjab,Fatehgarh Sahib,Punjab,30.88147926330572,76.31059265136719,2.3,6.439,0.0,0.0,Light Rain,31.0,81,14.8
firozpur_punjab,Firozpur,Punjab,31.14468002319336,75.06147766113281,0.0,4.936,0.0,0.0,Light Rain,31.7,74,13.5
gurdaspur_punjab,Gurdaspur,Punjab,32.40919113159191,75.91110992431646,0.0,0.436,0.0,0.0,Light Rain,28.0,69,8.0
hoshiarpur_punjab,Hoshiarpur,Punjab,32.08168029785156,75.57875823974626,0.0,1.5330000000000001,0.0,0.0,Light Rain,32.8,70,9.6
jalandhar_punjab,Jalandhar,Punjab,31.371601104736442,75.77472686767584,0.1,2.756,0.0,0.0,Light Rain,32.9,68,16.5
kapurthala_punjab,Kapurthala,Punjab,31.277618408203352,75.87844848632818,0.0,0.1,0.0,0.0,Light Rain,32.7,73,18.9
ludhiana_punjab,Ludhiana,Punjab,31.02136993408203,75.94409942626959,1.4,3.730999999999998,0.0,0.0,Light Rain,32.0,73,21.1
mansa_punjab,Mansa,Punjab,30.140569686889705,75.58322143554693,0.1,7.3280000000000065,0.0,0.0,Light Rain,31.3,79,13.7
moga_punjab,Moga,Punjab,30.99002075195324,75.34285736083984,0.2,0.961,0.0,0.0,Light Rain,31.7,75,15.1
muktsar_punjab,Muktsar,Punjab,30.667261123657227,74.49146270751959,0.7,2.013,0.0,0.0,Light Rain,32.2,72,12.5
nawan_shehar_punjab,Nawan Shehar,Punjab,31.277618408203352,75.87844848632818,0.0,0.1,0.0,0.0,Light Rain,32.7,73,18.9
patiala_punjab,Patiala,Punjab,30.664110183715934,76.83499908447271,0.0,0.051,0.0,0.0,Light Rain,28.9,77,17.0
rupnagar_punjab,Rupnagar,Punjab,31.410619735717773,76.38162994384771,1.1,6.350000000000002,0.0,0.0,Light Rain,31.1,80,9.0
sangrur_punjab,Sangrur,Punjab,30.56471061706543,76.07124328613298,0.2,2.303,0.0,0.0,Light Rain,31.0,80,15.2
ajmer_rajasthan,Ajmer,Rajasthan,25.83076095581066,74.05509185791027,0.0,0.2840000000000003,0.0,0.0,Light Rain,30.9,64,25.3
alwar_rajasthan,Alwar,Rajasthan,28.22524070739769,76.85433959960966,0.0,0.5270000000000001,0.0,0.0,Light Rain,30.5,71,13.2
banswara_rajasthan,Banswara,Rajasthan,23.882009506225813,74.5505981445313,0.5,2.605,0.0,0.0,Light Rain,29.4,78,17.7
baran_rajasthan,Baran,Rajasthan,25.33969116210949,77.0754699707033,1.6,2.01,0.0,0.0,Light Rain,29.5,83,20.3
barmer_rajasthan,Barmer,Rajasthan,26.34580993652355,72.07496643066423,0.0,0.005,0.0,0.0,Light Rain,33.4,61,18.2
bharatpur_rajasthan,Bharatpur,Rajasthan,27.806549072265625,77.27577972412115,0.0,0.046,0.0,0.0,Light Rain,29.6,73,11.8
bhilwara_rajasthan,Bhilwara,Rajasthan,25.767601013183594,75.31566619873075,0.2,1.4579999999999995,0.0,0.0,Light Rain,32.7,66,16.8
bikaner_rajasthan,Bikaner,Rajasthan,28.940540313720703,74.10497283935564,0.0,0.26999999999999996,0.0,0.0,Light Rain,35.5,60,12.6
bundi_rajasthan,Bundi,Rajasthan,25.766412734985465,76.15245819091791,0.0,0.004,0.0,0.0,Light Rain,32.8,71,16.4
chittaurgarh_rajasthan,Chittaurgarh,Rajasthan,25.029581069946346,75.45012664794933,0.0,1.078,0.0,0.0,Light Rain,30.8,72,19.7
churu_rajasthan,Churu,Rajasthan,28.937990188598746,75.46888732910156,0.0,0.022000000000000002,0.0,0.0,Light Rain,33.9,61,15.1
dausa_rajasthan,Dausa,Rajasthan,27.151460647583065,76.95730590820324,0.0,2.076,0.0,0.0,Light Rain,31.4,70,12.6
dhaulpur_rajasthan,Dhaulpur,Rajasthan,26.836090087890625,78.20979309082031,0.0,0.37200000000000016,0.0,0.0,Light Rain,30.2,73,15.0
dungarpur_rajasthan,Dungarpur,Rajasthan,23.908279418945256,74.38523101806646,0.0,1.1080000000000003,0.0,0.0,Light Rain,30.5,73,19.0
ganganagar_rajasthan,Ganganagar,Rajasthan,29.955089569091797,74.27902984619169,0.3,2.155,0.0,0.0,Light Rain,33.3,68,14.1
hanumangarh_rajasthan,Hanumangarh,Rajasthan,29.94708824157709,74.44197845459001,0.0,0.21499999999999986,0.0,0.0,Light Rain,33.7,67,13.7
jaipur_rajasthan,Jaipur,Rajasthan,27.840930938720817,76.22328186035173,0.0,0.341,0.0,0.0,Light Rain,32.0,67,12.8
jaisalmer_rajasthan,Jaisalmer,Rajasthan,27.95684051513672,71.8963012695313,0.0,0.018000000000000002,0.0,0.0,Light Rain,38.2,45,16.3
jalor_rajasthan,Jalor,Rajasthan,25.243299484252987,72.94262695312517,0.0,0.0,0.0,0.0,No Rain,33.9,58,22.6
jhalawar_rajasthan,Jhalawar,Rajasthan,24.787559509277287,76.43905639648443,0.0,9.126000000000001,0.0,0.0,Light Rain,31.5,70,17.0
jhunjhunun_rajasthan,Jhunjhunun,Rajasthan,28.393659591675032,75.88922882080107,0.0,0.005,0.0,0.0,Light Rain,32.8,62,16.4
jodhpur_rajasthan,Jodhpur,Rajasthan,27.29389953613287,73.16082763671892,1.6,2.2629999999999995,0.0,0.0,Light Rain,35.5,56,15.9
karauli_rajasthan,Karauli,Rajasthan,26.86466979980463,77.0707626342774,0.2,3.6790000000000016,0.0,0.0,Light Rain,31.6,72,9.2
kota_rajasthan,Kota,Rajasthan,25.839670181274528,76.5667800903322,1.4,3.6679999999999975,0.0,0.0,Light Rain,33.0,76,15.7
nagaur_rajasthan,Nagaur,Rajasthan,27.66962051391613,74.6754989624024,1.4,1.1889999999999998,0.0,0.0,Light Rain,35.4,61,18.5
pali_rajasthan,Pali,Rajasthan,26.45112037658697,74.28806304931658,0.0,0.001,0.0,0.0,Light Rain,32.8,61,21.5
rajsamand_rajasthan,Rajsamand,Rajasthan,25.85045051574707,74.1820907592774,0.0,0.1519999999999999,0.0,0.0,Light Rain,31.0,64,28.0
sawai_madhopur_rajasthan,Sawai Madhopur,Rajasthan,26.036390304565543,76.83809661865246,1.4,4.337999999999999,0.0,0.0,Light Rain,32.9,75,13.7
sikar_rajasthan,Sikar,Rajasthan,28.200950622558537,75.02260589599626,0.4,2.028,0.0,0.0,Light Rain,35.4,60,12.8
sirohi_rajasthan,Sirohi,Rajasthan,25.243299484252987,72.94262695312517,0.0,0.0,0.0,0.0,No Rain,33.9,58,22.6
tonk_rajasthan,Tonk,Rajasthan,26.519390106201172,76.15482330322271,1.0,4.1800000000000015,0.0,0.0,Light Rain,34.1,71,20.0
udaipur_rajasthan,Udaipur,Rajasthan,24.888339996338004,74.14702606201183,0.0,0.16199999999999995,0.0,0.0,Light Rain,32.0,66,19.0
east_sikkim,East,Sikkim,27.143970489502067,88.71779632568365,1.7,1.027,0.0,0.0,Light Rain,18.3,81,7.8
north_sikkim_sikkim,North Sikkim,Sikkim,27.416410446166935,88.79247283935547,0.6,2.2559999999999993,0.0,0.0,Light Rain,6.0,89,6.0
south_sikkim_sikkim,South Sikkim,Sikkim,27.37840080261242,88.48100280761719,0.0,0.5150000000000003,0.0,0.0,Light Rain,30.7,78,6.6
west_sikkim_sikkim,West Sikkim,Sikkim,27.405889511108512,88.27398681640636,0.6,1.096,0.0,0.0,Light Rain,23.1,72,5.1
ariyalur_tamil_nadu,Ariyalur,Tamil Nadu,11.13473033905035,79.44329071044928,0.7,3.319,0.0,0.0,Light Rain,35.6,59,13.2
chennai_tamil_nadu,Chennai,Tamil Nadu,13.126619338989371,80.29763793945318,0.5,5.9849999999999985,0.0,0.0,Light Rain,35.6,69,10.9
coimbatore_tamil_nadu,Coimbatore,Tamil Nadu,10.615679740905762,77.40399932861334,0.0,0.46100000000000013,0.0,0.0,Light Rain,35.6,55,26.1
cuddalore_tamil_nadu,Cuddalore,Tamil Nadu,11.853891372680664,79.69345092773432,0.2,2.85,0.0,0.0,Light Rain,35.8,63,14.1
dharmapuri_tamil_nadu,Dharmapuri,Tamil Nadu,12.752590179443416,78.22064971923845,0.1,2.2769999999999992,0.0,0.0,Light Rain,31.6,66,11.5
dindigul_tamil_nadu,Dindigul,Tamil Nadu,10.535209655761776,78.182357788086,0.0,0.25000000000000006,0.0,0.0,Light Rain,35.3,50,17.5
erode_tamil_nadu,Erode,Tamil Nadu,11.939700126648063,77.66471099853521,0.5,6.547999999999999,0.0,0.0,Light Rain,33.0,66,8.2
kancheepuram_tamil_nadu,Kancheepuram,Tamil Nadu,13.014476776123104,80.17430114746088,1.1,5.923000000000006,0.0,0.0,Light Rain,36.3,68,9.1
kanniyakumari_tamil_nadu,Kanniyakumari,Tamil Nadu,8.570989608764762,77.25152587890642,2.6,2.8699999999999988,0.0,0.0,Light Rain,26.7,88,10.8
karur_tamil_nadu,Karur,Tamil Nadu,10.999699592590332,78.15399932861357,0.0,1.5710000000000002,0.0,0.0,Light Rain,36.0,56,14.7
madurai_tamil_nadu,Madurai,Tamil Nadu,10.297050476074162,78.36396026611334,0.0,0.088,0.0,0.0,Light Rain,37.1,48,14.5
nagapattinam_tamil_nadu,Nagapattinam,Tamil Nadu,10.905791282653865,79.71958923339838,1.6,2.0409999999999995,0.0,0.0,Light Rain,35.7,66,12.3
namakkal_tamil_nadu,Namakkal,Tamil Nadu,11.391330718994197,78.47215270996122,0.6,3.1800000000000006,0.0,0.0,Light Rain,32.2,60,10.6
nilgiris_tamil_nadu,Nilgiris,Tamil Nadu,11.574480056762695,76.83728027343756,0.1,1.6170000000000002,0.0,0.0,Light Rain,36.1,60,16.9
perambalur_tamil_nadu,Perambalur,Tamil Nadu,11.472161293029899,78.87534332275402,0.6,1.6820000000000004,0.0,0.0,Light Rain,34.6,59,19.7
pudukkottai_tamil_nadu,Pudukkottai,Tamil Nadu,10.692779541015739,78.85489654541021,0.1,0.9660000000000001,0.0,0.0,Light Rain,35.3,58,17.4
ramanathapuram_tamil_nadu,Ramanathapuram,Tamil Nadu,9.093194007873535,78.49180603027372,0.5,1.2979999999999998,0.0,0.0,Light Rain,36.2,63,22.3
salem_tamil_nadu,Salem,Tamil Nadu,11.851779937744254,78.61342620849615,2.3,5.487,0.0,0.0,Light Rain,30.5,69,8.4
sivaganga_tamil_nadu,Sivaganga,Tamil Nadu,10.362590789794922,78.491020202637,0.3,2.256999999999999,0.0,0.0,Light Rain,35.3,53,15.1
thanjavur_tamil_nadu,Thanjavur,Tamil Nadu,10.33591556549078,79.4856185913086,0.9,8.571,0.0,0.0,Light Rain,35.0,73,16.2
theni_tamil_nadu,Theni,Tamil Nadu,10.009981155395565,77.69521331787115,0.1,1.5950000000000006,0.0,0.0,Light Rain,36.5,50,18.7
thiruvallur_tamil_nadu,Thiruvallur,Tamil Nadu,13.438470840454215,80.3229064941408,0.0,0.8170000000000003,0.0,0.0,Light Rain,36.0,68,16.3
thiruvarur_tamil_nadu,Thiruvarur,Tamil Nadu,10.28819465637207,79.706802368164,1.4,6.104000000000001,0.0,0.0,Light Rain,35.0,71,16.2
thoothukudi_tamil_nadu,Thoothukudi,Tamil Nadu,8.616808891296387,78.1154174804688,2.2,1.4999999999999993,0.0,0.0,Light Rain,39.6,52,18.8
tiruchchirappalli_tamil_nadu,Tiruchchirappalli,Tamil Nadu,11.359781265259016,78.65069580078153,0.5,2.994999999999999,0.0,0.0,Light Rain,31.7,65,10.7
tirunelveli_kattabo_tamil_nadu,Tirunelveli Kattabo,Tamil Nadu,8.328792572021484,77.96318054199224,3.4,6.567000000000005,0.0,0.0,Light Rain,41.0,54,15.9
tiruvannamalai_tamil_nadu,Tiruvannamalai,Tamil Nadu,12.83671092987072,79.54725646972662,0.2,1.8249999999999995,0.0,0.0,Light Rain,35.2,65,15.1
vellore_tamil_nadu,Vellore,Tamil Nadu,13.00899982452404,79.77249908447271,0.0,0.935,0.0,0.0,Light Rain,35.1,66,11.9
villupuram_tamil_nadu,Villupuram,Tamil Nadu,12.349640846252441,79.53768157959001,0.0,4.008000000000004,0.0,0.0,Light Rain,35.0,66,12.3
virudhunagar_tamil_nadu,Virudhunagar,Tamil Nadu,9.772130012512207,78.12831878662126,0.0,0.41300000000000003,0.0,0.0,Light Rain,35.6,56,16.6
dhalai_tripura,Dhalai,Tripura,24.137933731079215,91.90216064453153,0.0,5.437000000000001,0.0,0.0,Light Rain,31.7,82,7.6
north_tripura_tripura,North Tripura,Tripura,24.500440597534293,92.2342681884765,1.1,7.468000000000005,0.0,0.0,Light Rain,32.4,84,9.2
south_tripura_tripura,South Tripura,Tripura,23.691480636596737,91.77874755859386,0.0,1.4979999999999993,0.0,0.0,Light Rain,32.1,79,7.3
west_tripura_tripura,West Tripura,Tripura,24.142789840698356,91.75580596923834,0.0,2.545,0.0,0.0,Light Rain,32.1,82,8.1
agra_uttar_pradesh,Agra,Uttar Pradesh,27.260829925537337,77.9003982543947,0.4,0.8009999999999998,0.0,0.0,Light Rain,29.6,75,13.9
aligarh_uttar_pradesh,Aligarh,Uttar Pradesh,28.13006019592285,78.47582244873047,3.6,2.07,0.0,0.0,Light Rain,26.1,87,16.7
allahabad_uttar_pradesh,Allahabad,Uttar Pradesh,25.682580947875977,82.14723968505888,0.8,1.0629999999999995,0.0,0.0,Light Rain,28.5,83,14.3
ambedkar_nagar_uttar_pradesh,Ambedkar Nagar,Uttar Pradesh,26.54433059692377,82.89373779296886,5.4,6.627000000000006,0.0,0.0,Light Rain,29.2,86,16.9
auraiya_uttar_pradesh,Auraiya,Uttar Pradesh,26.788940429687443,79.74989318847685,0.7,2.036,0.0,0.0,Light Rain,27.2,85,18.9
azamgarh_uttar_pradesh,Azamgarh,Uttar Pradesh,26.38810157775879,83.12564849853521,1.8,2.0569999999999986,0.0,0.0,Light Rain,29.5,85,12.1
badaun_uttar_pradesh,Badaun,Uttar Pradesh,28.48554039001465,78.90943145751959,16.6,50.003000000000014,76.92769230769233,43.480869565217404,Moderate Rain,23.6,92,19.1
baghpat_uttar_pradesh,Baghpat,Uttar Pradesh,29.202304840087947,77.47808837890625,8.1,4.3679999999999986,0.0,0.0,Light Rain,27.2,86,12.4
bahraich_uttar_pradesh,Bahraich,Uttar Pradesh,27.942962646484602,81.75705718994158,11.7,14.503000000000002,0.0,0.0,Light Rain,27.2,88,26.9
ballia_uttar_pradesh,Ballia,Uttar Pradesh,26.099700927734432,84.04905700683622,0.4,2.521999999999997,0.0,0.0,Light Rain,30.6,81,8.8
balrampur_uttar_pradesh,Balrampur,Uttar Pradesh,27.504480361938477,82.73570251464861,8.4,4.5459999999999985,0.0,0.0,Light Rain,28.8,85,19.8
banda_uttar_pradesh,Banda,Uttar Pradesh,25.548320770263672,81.013656616211,0.3,2.5399999999999996,0.0,0.0,Light Rain,30.2,77,17.8
bara_banki_uttar_pradesh,Bara Banki,Uttar Pradesh,27.34165954589855,81.40194702148443,4.3,6.380999999999998,0.0,0.0,Light Rain,25.9,88,25.6
bareilly_uttar_pradesh,Bareilly,Uttar Pradesh,28.858858108520508,79.63075256347673,67.3,58.87699999999999,90.57999999999998,51.19739130434782,Moderate Rain,24.5,93,17.4
basti_uttar_pradesh,Basti,Uttar Pradesh,26.925100326538086,82.92016601562517,3.7,8.837999999999997,0.0,0.0,Light Rain,29.0,87,17.0
bijnor_uttar_pradesh,Bijnor,Uttar Pradesh,29.456180572509993,78.89601898193376,30.3,33.532000000000004,51.587692307692315,0.0,Moderate Rain,22.7,96,10.1
bulandshahr_uttar_pradesh,Bulandshahr,Uttar Pradesh,28.6211910247805,78.19870758056658,5.1,2.6539999999999986,0.0,0.0,Light Rain,26.0,87,17.1
chandauli_uttar_pradesh,Chandauli,Uttar Pradesh,25.315200805664062,83.53465270996122,1.1,3.8410000000000015,0.0,0.0,Light Rain,30.0,85,9.8
chitrakoot_uttar_pradesh,Chitrakoot,Uttar Pradesh,25.456350326538143,81.18408203125017,1.1,2.183,0.0,0.0,Light Rain,29.7,80,15.5
deoria_uttar_pradesh,Deoria,Uttar Pradesh,26.5503311157226,84.04878234863287,1.0,2.127,0.0,0.0,Light Rain,30.1,83,12.5
etah_uttar_pradesh,Etah,Uttar Pradesh,27.71301078796381,79.19919586181646,4.7,12.222999999999997,0.0,0.0,Light Rain,24.9,91,16.3
etawah_uttar_pradesh,Etawah,Uttar Pradesh,26.96619033813488,79.31788635253935,2.9,4.361000000000002,0.0,0.0,Light Rain,27.4,85,20.8
faizabad_uttar_pradesh,Faizabad,Uttar Pradesh,26.811580657958984,82.21514892578153,9.3,4.7059999999999995,0.0,0.0,Light Rain,27.4,86,18.8
farrukhabad_uttar_pradesh,Farrukhabad,Uttar Pradesh,27.6583309173584,79.34008026123064,6.4,15.317000000000002,0.0,0.0,Moderate Rain,24.6,92,15.5
fatehpur_uttar_pradesh,Fatehpur,Uttar Pradesh,26.126091003418082,80.6671524047851,0.5,1.3349999999999997,0.0,0.0,Light Rain,27.4,80,17.5
firozabad_uttar_pradesh,Firozabad,Uttar Pradesh,27.349649429321346,78.71160888671892,1.6,3.4699999999999975,0.0,0.0,Light Rain,26.9,85,21.7
gautam_buddha_nagar_uttar_pradesh,Gautam Buddha Nagar,Uttar Pradesh,28.557580947876204,77.67826843261724,4.7,3.0830000000000006,0.0,0.0,Light Rain,27.3,84,12.8
ghaziabad_uttar_pradesh,Ghaziabad,Uttar Pradesh,28.862171173095703,78.10498046875028,4.2,2.2030000000000003,0.0,0.0,Light Rain,26.3,86,14.4
ghazipur_uttar_pradesh,Ghazipur,Uttar Pradesh,25.858619689941463,83.72389984130876,1.3,3.2059999999999995,0.0,0.0,Light Rain,30.2,85,10.4
gonda_uttar_pradesh,Gonda,Uttar Pradesh,27.44440078735346,81.9625701904298,10.8,16.67199999999999,0.0,0.0,Moderate Rain,26.3,91,22.9
gorakhpur_uttar_pradesh,Gorakhpur,Uttar Pradesh,26.97589111328125,83.23841094970732,2.8,5.71,0.0,0.0,Light Rain,29.0,85,16.3
hamirpur_uttar_pradesh,Hamirpur,Uttar Pradesh,25.927379608154354,80.22814178466814,0.0,0.8320000000000001,0.0,0.0,Light Rain,30.3,74,18.3
hardoi_uttar_pradesh,Hardoi,Uttar Pradesh,27.684391021728516,80.30172729492188,11.6,18.188000000000002,0.0,0.0,Moderate Rain,25.5,89,20.1
hathras_uttar_pradesh,Hathras,Uttar Pradesh,27.814369201660156,78.46576690673834,3.1,3.502,0.0,0.0,Light Rain,26.7,85,18.3
jalaun_uttar_pradesh,Jalaun,Uttar Pradesh,26.36926078796398,79.49498748779303,0.4,5.153000000000004,0.0,0.0,Light Rain,29.6,77,23.6
jaunpur_uttar_pradesh,Jaunpur,Uttar Pradesh,26.154659271240178,82.67310333251982,5.4,7.838000000000003,0.0,0.0,Light Rain,28.6,84,14.9
jhansi_uttar_pradesh,Jhansi,Uttar Pradesh,25.801401138305664,79.38983917236345,0.0,0.6080000000000001,0.0,0.0,Light Rain,30.9,73,17.8
jyotiba_phule_nagar_uttar_pradesh,Jyotiba Phule Nagar,Uttar Pradesh,29.179321289062557,78.65786743164068,49.8,45.24500000000001,69.60769230769233,0.0,Moderate Rain,23.6,92,12.5
kannauj_uttar_pradesh,Kannauj,Uttar Pradesh,27.22219085693365,79.71610260009777,5.1,3.8110000000000004,0.0,0.0,Light Rain,26.0,88,19.3
kanpur_dehat_uttar_pradesh,Kanpur Dehat,Uttar Pradesh,26.958240509033203,80.01120758056669,1.6,2.710999999999998,0.0,0.0,Light Rain,27.0,84,17.2
kanpur_uttar_pradesh,Kanpur,Uttar Pradesh,26.639909744262752,80.27468872070312,3.1,4.273000000000005,0.0,0.0,Light Rain,27.5,84,18.5
kaushambi_uttar_pradesh,Kaushambi,Uttar Pradesh,25.596490859985465,81.6056213378908,2.2,7.241999999999999,0.0,0.0,Light Rain,28.7,83,13.3
kushinagar_uttar_pradesh,Kushinagar,Uttar Pradesh,27.288179397583008,83.88552093505865,33.9,12.28799999999999,0.0,0.0,Light Rain,29.8,86,14.1
lakhimpur_kheri_uttar_pradesh,Lakhimpur Kheri,Uttar Pradesh,28.391660690307788,81.07267761230486,18.6,34.04000000000003,52.36923076923081,0.0,Moderate Rain,26.7,92,25.8
lalitpur_uttar_pradesh,Lalitpur,Uttar Pradesh,24.447240829467717,78.981986999512,2.3,4.862999999999999,0.0,0.0,Light Rain,30.7,81,21.1
lucknow_uttar_pradesh,Lucknow,Uttar Pradesh,26.597379684448356,81.15645599365234,3.1,2.8469999999999986,0.0,0.0,Light Rain,26.4,87,16.6
maharajganj_uttar_pradesh,Maharajganj,Uttar Pradesh,27.350961685180664,83.85850524902372,37.6,20.454999999999995,31.469230769230762,0.0,Moderate Rain,29.4,87,11.7
mahoba_uttar_pradesh,Mahoba,Uttar Pradesh,25.412061691284237,80.11295318603521,0.6,0.6830000000000003,0.0,0.0,Light Rain,31.2,73,17.0
mainpuri_uttar_pradesh,Mainpuri,Uttar Pradesh,27.33656120300293,79.24120330810575,5.6,2.640999999999999,0.0,0.0,Light Rain,26.2,87,17.5
mathura_uttar_pradesh,Mathura,Uttar Pradesh,27.27281188964855,77.9604797363283,0.5,1.6439999999999995,0.0,0.0,Light Rain,29.6,76,13.1
mau_uttar_pradesh,Mau,Uttar Pradesh,26.225700378417912,83.62565612792969,1.2,4.303,0.0,0.0,Light Rain,29.8,85,10.7
meerut_uttar_pradesh,Meerut,Uttar Pradesh,29.25918006897001,78.1255493164063,8.7,3.6389999999999985,0.0,0.0,Light Rain,25.9,87,10.8
mirzapur_uttar_pradesh,Mirzapur,Uttar Pradesh,25.27755165100109,82.27816772460938,7.4,7.671999999999994,0.0,0.0,Light Rain,28.8,84,13.1
moradabad_uttar_pradesh,Moradabad,Uttar Pradesh,29.286670684814567,78.75863647460966,33.5,36.82200000000001,56.64923076923078,0.0,Moderate Rain,24.0,92,10.5
muzaffarnagar_uttar_pradesh,Muzaffarnagar,Uttar Pradesh,29.545860290527344,77.988021850586,21.1,16.296000000000014,0.0,0.0,Moderate Rain,26.5,87,11.5
pilibhit_uttar_pradesh,Pilibhit,Uttar Pradesh,28.88969039916998,79.7619705200197,84.3,42.54699999999997,65.45692307692302,0.0,Moderate Rain,26.0,91,17.6
pratapgarh_uttar_pradesh,Pratapgarh,Uttar Pradesh,26.012350082397518,82.42324066162138,2.4,6.345000000000002,0.0,0.0,Light Rain,28.2,83,14.8
rae_bareli_uttar_pradesh,Rae Bareli,Uttar Pradesh,26.52552986145031,81.53262329101568,2.4,3.664,0.0,0.0,Light Rain,26.3,87,16.7
rampur_uttar_pradesh,Rampur,Uttar Pradesh,28.885440826416016,79.39565277099615,51.2,57.32699999999999,88.1953846153846,49.849565217391294,Moderate Rain,24.8,92,16.5
saharanpur_uttar_pradesh,Saharanpur,Uttar Pradesh,30.246959686279354,77.93148040771501,40.0,61.59699999999999,94.76461538461537,53.56260869565216,Moderate Rain,20.4,98,6.5
sant_kabir_nagar_uttar_pradesh,Sant Kabir Nagar,Uttar Pradesh,27.050319671630973,83.1231307983399,4.9,10.492000000000013,0.0,0.0,Light Rain,29.2,85,15.9
sant_ravi_das_nagar_uttar_pradesh,Sant Ravi Das Nagar,Uttar Pradesh,25.523670196533317,82.38841247558594,0.5,0.569,0.0,0.0,Light Rain,28.7,82,14.9
shahjahanpur_uttar_pradesh,Shahjahanpur,Uttar Pradesh,27.776130676269645,80.05245208740251,17.5,52.12299999999999,80.18923076923076,45.32434782608695,Moderate Rain,25.0,91,18.1
shravasti_uttar_pradesh,Shravasti,Uttar Pradesh,27.9054470062257,81.80397033691423,13.3,26.91500000000001,41.40769230769232,0.0,Moderate Rain,27.5,89,26.0
siddharth_nagar_uttar_pradesh,Siddharth Nagar,Uttar Pradesh,27.504480361938477,82.73570251464861,8.4,4.5459999999999985,0.0,0.0,Light Rain,28.8,85,19.8
sitapur_uttar_pradesh,Sitapur,Uttar Pradesh,27.831640243530217,80.98906707763683,11.3,31.793000000000003,48.9123076923077,0.0,Moderate Rain,25.5,91,26.8
sonbhadra_uttar_pradesh,Sonbhadra,Uttar Pradesh,24.81837081909174,83.09961700439453,2.4,12.098000000000004,0.0,0.0,Light Rain,29.8,85,14.2
sultanpur_uttar_pradesh,Sultanpur,Uttar Pradesh,26.591352462768555,81.69510650634771,2.6,3.1399999999999992,0.0,0.0,Light Rain,26.1,87,16.6
unnao_uttar_pradesh,Unnao,Uttar Pradesh,27.016180038452205,80.5506668090822,6.5,3.800999999999998,0.0,0.0,Light Rain,26.2,87,16.6
varanasi_uttar_pradesh,Varanasi,Uttar Pradesh,25.553319931030217,83.06366729736334,5.0,8.830000000000002,0.0,0.0,Light Rain,29.6,84,12.5
almora_uttaranchal,Almora,Uttaranchal,29.938859939575252,79.49038696289062,34.9,62.733999999999966,96.5138461538461,54.551304347826054,Moderate Rain,15.6,97,7.4
bageshwar_uttaranchal,Bageshwar,Uttaranchal,30.3181209564209,80.0153198242188,51.0,51.29699999999998,78.91846153846151,44.60608695652172,Moderate Rain,-1.2,99,6.3
chamoli_uttaranchal,Chamoli,Uttaranchal,30.791860580444336,80.08658599853533,23.8,31.28199999999998,48.12615384615381,0.0,Moderate Rain,-3.1,92,5.1
champawat_uttaranchal,Champawat,Uttaranchal,29.492889404296932,80.12162017822294,43.8,39.46900000000002,60.72153846153849,0.0,Moderate Rain,23.2,96,5.1
dehra_dun_uttaranchal,Dehra Dun,Uttaranchal,30.617740631103572,78.00183868408203,52.4,47.317,72.79538461538462,0.0,Moderate Rain,21.2,94,7.0
haridwar_uttaranchal,Haridwar,Uttaranchal,29.9500675201416,78.1811065673831,24.7,32.91499999999999,50.63846153846152,0.0,Moderate Rain,24.5,93,9.9
naini_tal_uttaranchal,Naini Tal,Uttaranchal,29.440389633178768,79.83925628662115,30.0,59.573999999999934,91.65230769230759,51.803478260869504,Moderate Rain,18.3,97,5.2
pauri_garhwal_uttaranchal,Pauri Garhwal,Uttaranchal,29.983489990234432,79.21501922607428,35.1,39.257000000000005,60.39538461538463,0.0,Moderate Rain,13.8,95,6.5
pithoragarh_uttaranchal,Pithoragarh,Uttaranchal,29.43839263916044,80.24745941162115,38.4,33.267,51.18000000000001,0.0,Moderate Rain,25.6,94,4.3
rudra_prayag_uttaranchal,Rudra Prayag,Uttaranchal,30.731260299682617,79.27126312255865,51.6,57.46799999999998,88.41230769230766,49.97217391304346,Moderate Rain,-7.8,97,7.2
tehri_garhwal_uttaranchal,Tehri Garhwal,Uttaranchal,30.812131881713867,79.01853179931646,60.9,41.30000000000001,63.538461538461554,0.0,Moderate Rain,-4.9,96,4.9
udham_singh_nagar_uttaranchal,Udham Singh Nagar,Uttaranchal,29.372287750244197,78.8358001708985,30.5,32.88399999999999,50.59076923076922,0.0,Moderate Rain,23.9,94,10.7
uttarkashi_uttaranchal,Uttarkashi,Uttaranchal,31.079811096191634,79.39235687255865,34.4,30.852000000000007,47.46461538461539,0.0,Moderate Rain,-4.8,95,8.4
bankura_west_bengal,Bankura,West Bengal,23.00757026672369,87.70973968505865,2.5,15.986000000000004,0.0,0.0,Moderate Rain,30.6,90,13.7
barddhaman_west_bengal,Barddhaman,West Bengal,23.865880966186467,86.92415618896496,2.7,11.496999999999998,0.0,0.0,Light Rain,30.4,89,10.3
birbhum_west_bengal,Birbhum,West Bengal,24.578029632568303,87.80224609375006,1.6,10.252999999999993,0.0,0.0,Light Rain,31.3,88,10.7
dakshin_dinajpur_west_bengal,Dakshin Dinajpur,West Bengal,25.196081161499023,88.44554901123047,1.3,9.126000000000003,0.0,0.0,Light Rain,31.6,87,7.4
darjiling_west_bengal,Darjiling,West Bengal,27.116878509521598,88.13662719726568,0.3,0.3780000000000004,0.0,0.0,Light Rain,28.0,74,7.6
east_midnapore_west_bengal,East Midnapore,West Bengal,22.02639007568382,88.14138793945318,2.2,11.574999999999996,0.0,0.0,Light Rain,31.0,87,10.9
haora_west_bengal,Haora,West Bengal,22.432220458984375,87.91194152832037,1.1,7.9389999999999965,0.0,0.0,Light Rain,31.2,89,9.3
hugli_west_bengal,Hugli,West Bengal,22.942270278930664,88.40808105468761,1.2,6.596000000000004,0.0,0.0,Light Rain,32.1,85,8.7
jalpaiguri_west_bengal,Jalpaiguri,West Bengal,26.67381095886236,89.8694686889649,1.0,4.437000000000004,0.0,0.0,Light Rain,31.8,78,14.4
kochbihar_west_bengal,Kochbihar,West Bengal,26.412290573120345,89.83329010009794,0.6,1.633,0.0,0.0,Light Rain,31.8,84,13.7
kolkata_west_bengal,Kolkata,West Bengal,22.556470870971793,88.40731048583996,2.5,15.707999999999993,0.0,0.0,Moderate Rain,31.6,86,7.0
maldah_west_bengal,Maldah,West Bengal,25.289079666137695,88.17759704589844,0.9,10.223000000000003,0.0,0.0,Light Rain,31.6,87,7.7
murshidabad_west_bengal,Murshidabad,West Bengal,24.806129455566406,87.9319458007813,0.4,3.969000000000002,0.0,0.0,Light Rain,31.5,86,8.3
nadia_west_bengal,Nadia,West Bengal,23.236780166625977,88.7496185302735,1.8,10.265000000000002,0.0,0.0,Light Rain,31.8,89,9.7
north_24_parganas_west_bengal,North 24 Parganas,West Bengal,21.607221603393725,88.83472442626959,0.4,2.622999999999998,0.0,0.0,Light Rain,31.1,81,13.8
puruliya_west_bengal,Puruliya,West Bengal,23.627290725708065,86.88846588134771,3.6,9.966000000000001,0.0,0.0,Light Rain,31.0,87,9.2
south_24_parganas_west_bengal,South 24 Parganas,West Bengal,21.57277870178217,88.018608093262,0.4,7.436000000000003,0.0,0.0,Light Rain,29.5,82,25.4
uttar_dinajpur_west_bengal,Uttar Dinajpur,West Bengal,26.497140884399528,88.33715057373075,0.3,2.529999999999999,0.0,0.0,Light Rain,31.6,84,9.3
west_midnapore_west_bengal,West Midnapore,West Bengal,22.927110671997127,87.52030944824236,8.2,12.407999999999992,0.0,0.0,Light Rain,30.3,91,9.7
